song_id,peak_position,acousticness,danceability,energy,instrumentalness,liveness,loudness,speechiness,valence,tempo
3e9HZxeyfWwjeyPAMmWSSQ,100,0.229,0.717,0.653,0.0,0.101,-5.634,0.0658,0.412,106.966
5p7ujcrUXASCNwRaWNHR1C,99,0.297,0.752,0.488,9.11e-06,0.0936,-7.05,0.0705,0.533,136.041
2xLMifQCjDGFmkHkpNLD9h,100,0.00513,0.834,0.73,0.0,0.124,-3.714,0.222,0.446,155.008
3KkXRkHbMCARz0aVfEt68P,97,0.556,0.76,0.479,0.0,0.0703,-5.574,0.0466,0.913,89.911
1rqqCSm0Qe4I9rUvWncaom,96,0.193,0.579,0.904,0.0,0.064,-2.729,0.0618,0.681,82.014
0bYg9bo50gSsH3LtXe2SQn,95,0.164,0.335,0.625,0.0,0.0708,-7.462,0.0386,0.346,150.277
5hslUAKq9I9CG2bAulFkHN,91,0.766,0.24,0.598,0.0,0.117,-8.435,0.037,0.776,202.082
2EjXfH91m7f8HiJN1yQg97,90,0.614,0.589,0.472,0.0,0.505,-8.749,0.0502,0.898,67.196
0MMSmg7zyo6pOKZrfHUOqu,89,0.685,0.665,0.398,0.0,0.172,-11.886,0.03,0.864,140.456
6Z924AupOiJLdnAKH6UgCu,88,0.651,0.757,0.428,0.0,0.0644,-8.537,0.036,0.816,119.813
1xzBco0xcoJEDXktl7Jxrr,95,0.194,0.729,0.625,0.00986,0.248,-5.266,0.0315,0.261,146.034
4PS1e8f2LvuTFgUs1Cn3ON,84,0.92,0.319,0.21,8.06e-05,0.138,-15.231,0.0341,0.209,78.696
4OafepJy2teCjYJbvFE60J,89,0.0211,0.568,0.656,1.37e-05,0.213,-5.413,0.0433,0.364,100.049
55S2PQgSMYAhgoTCcGCDfw,94,0.0169,0.596,0.854,0.0,0.124,-5.114,0.463,0.152,120.274
7dt6x5M1jzdTEt8oCbisTK,98,0.354,0.68,0.563,0.0,0.136,-5.843,0.0454,0.374,145.028
285pBltuF7vW8TeWk8hdRR,99,0.349,0.511,0.566,0.0,0.34,-7.23,0.2,0.218,83.903
39LmTF9RgyakzSYX8txrow,77,0.378,0.729,0.475,0.0,0.12,-4.985,0.0364,0.371,62.52
2FRnf9qhLbvw8fu4IBXx78,74,0.189,0.735,0.478,2.48e-06,0.355,-12.472,0.0293,0.947,107.682
1dtIaSlyrLI04sqYa8nLyN,74,0.883,0.632,0.159,0.0,0.222,-14.056,0.0492,0.644,142.11
6CTWathupIiDs7U4InHnDA,90,0.225,0.477,0.61,0.0,0.107,-5.628,0.144,0.358,79.882
2GGMabyHXnJmjY6CXhhB2e,88,0.00534,0.95,0.59,0.0,0.11,-6.508,0.29,0.219,130.003
14mHfNsSHN0FbLftyjrV9g,74,0.107,0.792,0.743,0.0,0.183,-2.806,0.0851,0.742,150.024
2uFaJJtFpPDc5Pa95XzTvg,69,0.912,0.452,0.24,2.45e-06,0.175,-14.014,0.0351,0.701,134.005
5ASM6Qjiav2xPe7gRkQMsQ,68,0.403,0.528,0.772,2.52e-06,0.316,-7.013,0.0288,0.852,91.735
7taXf5odg9xCAZERYfyOkS,67,0.534,0.485,0.857,0.0,0.347,-7.059,0.0442,0.963,148.749
25leEEaz1gIpp7o21Fqyjo,66,0.799,0.834,0.372,0.0,0.275,-11.99,0.0358,0.976,96.628
3GJ4hzg4lrGwU51Y3VARbF,68,0.356,0.616,0.438,0.0,0.24,-5.968,0.0298,0.386,135.929
0U2pP3HpalMInP1lOhECsw,92,0.478,0.731,0.587,0.0,0.106,-8.577,0.0604,0.373,144.025
4T3fNx3CgwDRRYgmFCbD4J,72,0.0984,0.442,0.585,0.391,0.14,-10.332,0.0964,0.116,97.565
3T6Lsd2qR4nk92hwxJ5sBW,60,0.769,0.541,0.441,0.0,0.509,-9.692,0.061,0.499,144.03
2FY7b99s15jUprqC0M5NCT,88,0.217,0.704,0.611,0.0,0.0812,-6.112,0.0409,0.22,100.0
2MShy1GSSgbmGUxADNIao5,55,0.0996,0.91,0.366,0.0,0.261,-9.954,0.0941,0.74,119.985
75nEUfYzeskPFRBQk5BvCg,54,0.567,0.877,0.477,0.0,0.114,-5.391,0.0623,0.688,95.024
4so0Wek9Ig1p6CRCHuINwW,89,0.673,0.317,0.158,0.353,0.338,-16.485,0.0381,0.247,130.503
3wScL5W8H40zzCKN0atfBk,94,0.0595,0.743,0.87,0.0,0.299,-2.188,0.212,0.884,99.075
46pF1zFimM582ss1PrMy68,51,0.392,0.343,0.76,0.000388,0.0773,-7.146,0.0513,0.356,126.322
698eQRku24PIYPQPHItKlA,67,0.0292,0.533,0.907,0.0,0.386,-3.793,0.0406,0.7,150.99
4CH66Rxcjcj3VBHwmIBj4T,85,0.0643,0.78,0.492,0.0313,0.174,-3.4,0.0671,0.374,143.983
1G4cdOtF36ZCs6i2dZoC87,48,0.199,0.499,0.797,0.0,0.0933,-3.77,0.0554,0.408,176.024
3VamXAvVMczcS2PTYtPfBQ,55,0.75,0.629,0.464,0.0,0.0853,-8.72,0.0334,0.523,156.051
6Up545NUflOiXo8cEraH49,57,0.682,0.486,0.632,0.0,0.0869,-6.89,0.0344,0.0791,147.892
5wujBwqG7INdStqGd4tRMX,57,0.186,0.736,0.67,0.0,0.114,-6.702,0.311,0.845,130.032
3EPXxR3ImUwfayaurPi3cm,38,0.697,0.553,0.586,0.0,0.0813,-6.319,0.0362,0.443,126.684
3pJkBPHadRAxBBo484RipI,34,0.0147,0.707,0.531,2.11e-06,0.175,-7.014,0.0273,0.417,106.992
7sTtHHrD0zDpmzQzH3zegz,32,0.889,0.455,0.292,0.0,0.106,-6.792,0.0563,0.43,84.339
577YBGuskWkVDCxZrLRB4v,55,0.00127,0.964,0.487,6.57e-06,0.115,-6.071,0.421,0.107,127.05
2GHO21NrpLapnnfx5z2UL6,30,0.0338,0.543,0.868,0.000289,0.19,-4.69,0.0354,0.433,144.07
5HnXcJJbNXQQ7tRlQ9VN1v,29,0.16,0.711,0.696,0.0,0.17,-5.05,0.0871,0.694,80.512
6Gg25EZRbQd4IHiJz2KSY0,27,0.0369,0.814,0.667,0.0,0.11,-4.785,0.36,0.376,80.031
01jIO8SJFnpSiNLH1JaBZ5,26,0.413,0.735,0.453,0.0,0.104,-8.264,0.0602,0.335,115.002
43zdsphuZLzwA9k4DJhU0I,49,0.978,0.367,0.111,3.97e-05,0.0897,-14.084,0.0972,0.198,82.642
6viHvc13l9A6Ua6xugpeX6,23,0.00204,0.487,0.859,0.0,0.322,-4.403,0.0488,0.377,148.037
7pdF27mSDuPWhppnHAmWHa,64,0.653,0.735,0.525,0.918,0.101,-2.939,0.0441,0.369,160.147
2rxQMGVafnNaRaXlRMWPde,43,0.676,0.552,0.402,0.0,0.0928,-7.431,0.0262,0.382,103.313
5274I4mUMnYczyeXkGDWZN,75,0.0484,0.656,0.542,0.0,0.126,-7.358,0.323,0.551,166.111
34DFpyq5NJJ79GnGbbJH3p,17,0.254,0.557,0.511,0.0,0.099,-6.788,0.0291,0.602,156.042
25sgk305KZfyuqVBQIahim,14,0.0691,0.719,0.704,0.0,0.166,-4.724,0.0476,0.628,133.002
05t7JMip6JrLuSrMV5yYjX,10,0.282,0.556,0.481,0.0,0.216,-7.663,0.313,0.581,149.025
7lAK3oHbfEnvUQWosrMMpR,76,0.283,0.785,0.554,3.4e-06,0.116,-6.571,0.0409,0.144,128.047
68JS5SFTnW5Yv9Vzw81Jf0,6,0.165,0.602,0.463,0.00968,0.0975,-9.666,0.0279,0.454,142.635
3Ol2xnObFdKV9pmRD2t9x8,6,0.407,0.791,0.587,0.0,0.148,-5.075,0.0413,0.536,96.057
6XcfKZvJio9Z0fQy11GnNX,72,0.00175,0.666,0.728,4.26e-06,0.0429,-5.808,0.0419,0.51,122.996
7uqcLJFlSYjVPLUz1vPxkY,53,0.795,0.712,0.374,0.0,0.187,-10.215,0.511,0.779,133.952
5OCJzvD7sykQEKHH7qAC3C,93,0.0233,0.602,0.658,6e-05,0.237,-5.934,0.0558,0.268,145.031
4axYWgXASdsCBHuwInAubT,50,0.591,0.797,0.293,0.0724,0.148,-7.479,0.08,0.478,80.035
5lar0mCUejpILVkAz50s2J,37,0.564,0.492,0.712,9.1e-05,0.357,-7.278,0.691,0.23,137.453
57nOpVSc3j9o03Cr928ZM4,36,0.774,0.639,0.312,0.469,0.0857,-9.902,0.0301,0.347,103.369
4KpKyRFwN0gcwj58Uqjv7q,33,0.134,0.557,0.338,0.00184,0.14,-9.892,0.0257,0.689,140.935
07FkzikE6FuHIa8Ma7zJGc,53,0.161,0.753,0.66,0.0,0.236,-6.542,0.133,0.182,95.003
5itzep0nGnq7hxCfFNsTIR,17,0.949,0.593,0.0668,1.31e-05,0.194,-15.268,0.0722,0.19,102.456
5c0Vl3yklw5WX9YI36dPLd,45,0.0288,0.803,0.648,0.0,0.0904,-9.185,0.198,0.538,131.925
3EQ9QP2E7wjYQba8OSPBst,46,0.0557,0.678,0.76,0.0,0.359,-5.546,0.221,0.24,96.044
6pUBrvKfJL4qmn95mxU7rC,44,0.0871,0.603,0.67,0.0,0.326,-4.809,0.25,0.159,89.842
45CCe4gu08OYG1I4MH8TU6,40,0.0284,0.682,0.639,0.0,0.197,-4.406,0.292,0.183,89.09
1bx4Jw8A7GQtImIQGccI6D,28,0.246,0.49,0.651,0.0,0.233,-6.24,0.251,0.46,164.213
3EikYy40GMSp8l5mDV6IQo,20,0.257,0.881,0.623,1.5e-06,0.0964,-9.662,0.119,0.745,88.953
39RWYLt6hgk9BbhkDgaHW9,19,0.0171,0.92,0.458,0.0,0.107,-5.643,0.315,0.403,132.992
0jqLv5PuEUA0GthFjdtlS1,16,0.593,0.609,0.836,0.0,0.466,-3.442,0.264,0.584,72.099
7cW1wHpSLYgKWzoWlOCPFJ,10,0.106,0.672,0.565,0.0,0.113,-6.504,0.441,0.313,163.827
52i143Ph5c3RQaQFBXWix1,3,0.0562,0.888,0.432,0.0,0.112,-9.275,0.0934,0.173,99.965
2G7V7zsVDxg1yRsu7Ew9RJ,100,0.0589,0.835,0.626,6e-05,0.396,-5.833,0.125,0.35,91.03
2Kpc6hdJqHCG2tt0JW9pyl,73,0.00245,0.544,0.854,1.2e-06,0.249,-4.968,0.0289,0.436,91.966
42fw0rxRO2xbesF6mJfd4Y,80,0.0312,0.489,0.581,0.0,0.132,-5.731,0.0281,0.494,86.016
0TlLq3lA83rQOYtrqBqSct,99,0.0164,0.912,0.412,0.013,0.104,-8.074,0.124,0.422,154.983
0At2qAoaVjIwWNAqrscXli,96,0.0862,0.561,0.779,0.0,0.078,-5.107,0.0531,0.235,81.965
5aXgz1oKK8Q9z9xvTmSnrO,49,0.00587,0.755,0.615,1.75e-06,0.109,-8.245,0.0454,0.039,105.955
7wC5eZcFS1Q1BsQ35DU6H4,32,0.693,0.64,0.321,0.0307,0.114,-14.604,0.0931,0.177,145.045
04ZTP5KsCypmtCmQg5tH9R,66,0.00281,0.63,0.694,0.0,0.0719,-6.257,0.0253,0.216,97.005
6CyJlVAEFlNdpggOLanytL,38,0.0651,0.434,0.831,0.0,0.119,-4.774,0.0453,0.596,156.034
4H0vNUFcHPz5lytcLjwqkr,39,0.0445,0.565,0.855,0.0,0.32,-4.189,0.0557,0.852,74.98
2oPCR02nduYVpj7CTfsA0d,49,0.0183,0.455,0.897,0.0,0.174,-4.879,0.0403,0.728,160.139
7hDVYcQq6MxkdJGweuCtl9,5,0.816,0.511,0.363,0.0317,0.084,-7.65,0.041,0.169,144.892
7zLYKWcXnYeHHWidalz7rj,21,0.462,0.699,0.558,0.0,0.116,-7.622,0.0603,0.493,79.992
1wjzFQodRWrPcQ0AnYnvQ9,74,0.535,0.752,0.505,2.55e-06,0.104,-7.621,0.253,0.419,91.97
3ee8Jmje8o58CHK66QrVC2,100,0.258,0.74,0.613,0.00372,0.123,-4.88,0.145,0.473,75.023
3z8h0TU7ReDPLIbEnYhWZb,99,0.287,0.39,0.397,0.0,0.207,-9.963,0.0513,0.246,144.031
1XJBDDpeuZaj5fvmwhdIMw,20,0.114,0.66,0.615,0.0,0.315,-7.2,0.47,0.501,174.034
2VX37A1p7tkvrH2UJwAU0T,33,0.0716,0.711,0.796,0.0045,0.262,-5.87,0.0341,0.901,109.991
4u8Gkqyg87iGSW3hQbbnQZ,1,0.0364,0.454,0.66,0.0,0.181,-4.357,0.168,0.568,184.353
0AcicReEGm1qcENjqzh1Tg,28,0.136,0.544,0.524,0.0,0.106,-7.914,0.0621,0.117,81.982
2RSHsoi04658QL5xgQVov3,22,0.0722,0.383,0.637,0.0,0.368,-6.993,0.0703,0.0827,177.913
2rbDhOo9Fh61Bbu23T2qCk,60,0.299,0.553,0.502,0.0,0.764,-5.972,0.0409,0.296,129.976
1SxagO9GK0UUeEYLmH8Pln,3,0.0555,0.728,0.517,1.95e-06,0.107,-11.404,0.0629,0.379,111.974
0OgGn1ofaj55l2PcihQQGV,55,0.493,0.763,0.572,0.00118,0.106,-7.312,0.0595,0.25,151.93
514rhnksEwHUh6LxXsQ4Y9,83,0.0984,0.6,0.683,1.26e-06,0.11,-6.271,0.0493,0.494,102.036
6NFyWDv5CjfwuzoCkw47Xf,89,0.216,0.75,0.404,0.000357,0.0911,-10.178,0.0682,0.0499,95.045
1fvCggAYrW0VtCljtqv4h2,47,0.175,0.854,0.708,0.0,0.241,-5.805,0.244,0.172,118.032
33471tzU1VghDg9zNgGRpz,53,0.152,0.758,0.867,0.0,0.308,-5.087,0.0475,0.964,102.018
1jo3TwNGCXfNdB5uba3ZVv,98,0.0989,0.892,0.651,0.0,0.371,-8.645,0.378,0.599,105.814
1B4gJRq61xTs6r1O0Uq2iY,2,0.525,0.921,0.607,1.12e-06,0.123,-7.397,0.209,0.753,140.071
7azo4rpSUh8nXgtonC6Pkq,97,0.0816,0.764,0.887,0.000108,0.847,-3.725,0.0738,0.721,118.421
09IStsImFySgyp0pIQdqAc,96,0.171,0.753,0.657,0.0,0.112,-3.061,0.0449,0.437,107.01
1kFBLqkTuNKlspkJ1EOGjN,22,0.794,0.485,0.306,0.0,0.122,-8.431,0.0409,0.224,203.729
0oagwWkGlBoACUuKvTmqZV,11,0.272,0.312,0.499,0.0,0.0901,-6.282,0.0397,0.191,148.173
0Fpen1PTuEnCmOJtUU9Iud,77,0.0367,0.85,0.785,0.0,0.155,-4.963,0.345,0.718,145.063
7uVkYr8gxcPEgqohvynpdN,52,0.456,0.51,0.386,0.0,0.252,-8.391,0.0307,0.266,86.36
3to5UxKsozb4T6CfwHuhLJ,4,0.301,0.792,0.571,0.0,0.1,-7.539,0.094,0.556,99.999
2qT1uLXPVPzGgFOx4jtEuo,98,0.04,0.699,0.713,3.11e-06,0.294,-5.507,0.0594,0.354,121.993
2vs5ubqg8QUbfyWZpMfvWe,19,0.0402,0.732,0.586,2.66e-06,0.121,-7.868,0.232,0.73,76.48
7stcuQtnHL7C6XdPvpwywv,12,0.552,0.487,0.458,0.0257,0.117,-7.761,0.0371,0.207,115.989
2EhJijFUs0WUmNClDBpYJq,9,0.122,0.75,0.387,0.0,0.0993,-10.123,0.487,0.739,143.019
7jr3iPu4O4bTCVwLMbdU2i,8,0.0658,0.678,0.729,0.0,0.303,-4.188,0.137,0.643,99.895
3ZPKocroJIcnHGcnJVlLKD,50,0.205,0.534,0.784,0.00579,0.106,-3.59,0.0339,0.6,92.147
3lFf4DnT68QjQGB3iq1BJ9,99,0.161,0.671,0.668,0.0,0.219,-7.086,0.0851,0.487,153.953
4L9Ds4mpD3SuYoWwFUlv16,69,0.0791,0.362,0.882,0.0,0.15,-3.717,0.0973,0.864,199.811
4lFfMRH0YH4pW5gczTDbNC,56,0.24,0.741,0.37,0.0,0.118,-8.437,0.324,0.13,116.06
6Q36XucqrejMId3RydVhch,15,0.166,0.86,0.408,0.0,0.111,-5.389,0.189,0.0548,75.481
7pVzUPjJ83QojsVcOthmxP,8,0.0894,0.831,0.528,2.58e-05,0.396,-7.635,0.534,0.232,153.987
53yTYusPQJ1AApL1hi0Dnc,66,0.185,0.472,0.884,0.0,0.178,-2.306,0.0584,0.718,159.96
7HdNB8nvJOBwHa8hIkzvxp,45,0.0996,0.715,0.617,3.41e-06,0.186,-5.558,0.24,0.283,176.117
378u8gf9qpJ4ZhxHEvrodl,38,0.868,0.557,0.279,1.25e-05,0.0978,-7.757,0.0372,0.263,102.727
0Y7di9ZCmB6Elad5WISaPc,87,0.033,0.879,0.662,0.0,0.716,-6.162,0.309,0.723,117.975
1E1uGhNdBe6Dddbgs2KqtZ,51,0.00849,0.62,0.61,0.162,0.205,-8.329,0.0373,0.235,127.052
5HeKOKc4phmLn8e4I7EkzD,20,0.0563,0.749,0.723,0.022,0.0977,-6.609,0.0432,0.674,108.999
6qNALlmZa1ESnCxJmXE1K9,40,0.314,0.755,0.769,2.38e-06,0.0628,-5.658,0.186,0.642,114.966
5cGpjfgAvidLy6znwkCxkP,84,0.121,0.578,0.577,0.0,0.086,-5.997,0.202,0.154,99.288
4z2XPrpHz1raJibarWFY7Z,8,0.798,0.699,0.282,1.23e-06,0.0981,-7.65,0.0374,0.359,79.776
5SehvGGC53A7SZKCLXQcyt,22,0.0699,0.728,0.602,7.01e-06,0.318,-7.748,0.185,0.328,140.081
2DnH4XlEkghUdE8ymdVom5,54,0.0283,0.769,0.55,0.0,0.139,-6.299,0.359,0.36,97.01
0ubdf6zWT1It2saK41SkO0,44,0.0169,0.807,0.571,0.0,0.252,-6.937,0.312,0.0993,139.996
5s6pKnF3ZPtuqvEx1i1V7U,42,0.276,0.788,0.765,0.0,0.216,-3.93,0.439,0.667,144.046
7EgI0dCaQuHFe3OTj5EpWI,39,0.00705,0.929,0.598,0.0,0.0549,-5.373,0.156,0.501,96.012
1Dk3CfJEtqvj7Xg2AWwfEn,36,0.144,0.752,0.703,0.0,0.325,-3.417,0.213,0.641,149.988
6y4pOReFqH2wzo4CV91cZC,27,0.479,0.641,0.579,9.58e-05,0.214,-8.278,0.0895,0.421,145.994
3BUWNzPWz2mDbptZmGEXpB,26,0.0216,0.552,0.562,0.0,0.302,-6.862,0.164,0.439,135.014
68lOQPb5tX8U2cQRuas0L2,23,0.337,0.678,0.666,0.0,0.115,-6.949,0.487,0.523,87.634
63TyoT9Ee03rQxv8xmdJ2l,88,0.217,0.895,0.839,3e-06,0.239,-4.512,0.227,0.756,149.951
1kaxyXcAi5ZHF3Q94QXsHK,20,0.273,0.754,0.615,0.0,0.13,-5.346,0.171,0.345,140.04
4E3qImtJzRqLt8ZZyLceOE,15,0.4,0.746,0.644,0.0,0.095,-2.605,0.232,0.542,146.178
7gY3cyGcB2wnk2xDXiA0pe,37,0.0112,0.578,0.694,0.0,0.102,-5.351,0.0706,0.268,129.921
0tgVpDi06FyKpA1z0VMD4v,100,0.163,0.599,0.448,0.0,0.106,-6.312,0.0232,0.168,95.05
3CA9pLiwRIGtUBiMjbZmRw,100,0.0891,0.586,0.909,0.000109,0.119,-6.474,0.0705,0.757,93.394
6DCZcSspjsKoFjzjrWoCdn,100,0.0332,0.754,0.449,8.29e-05,0.552,-9.211,0.109,0.357,77.169
6Poyf51k7W3NKnsGwAI90B,83,0.313,0.855,0.787,0.0,0.194,-4.134,0.334,0.702,88.003
4VXIryQMWpIdGgYR4TrjT1,60,0.0769,0.671,0.529,0.000335,0.0856,-7.226,0.307,0.203,161.989
58QhkbaAkLFnn7JwAnAato,89,0.227,0.83,0.546,0.0,0.112,-5.716,0.295,0.535,182.973
4Vxu50qVrQcycjRyJQaZLC,65,0.105,0.687,0.842,0.0,0.0436,-4.382,0.058,0.778,87.968
3DV49ruvI5Sl6iisPZAc2c,53,0.0362,0.597,0.721,0.0,0.0832,-6.422,0.0356,0.437,132.054
7wBJfHzpfI3032CSD7CE2m,93,0.00947,0.487,0.789,4.05e-06,0.189,-3.69,0.044,0.0564,150.007
3oDkdAySo1VQQG0ptV7uwa,33,0.0414,0.665,0.651,0.0,0.0896,-5.515,0.156,0.237,163.935
5bJ1DrEM4hNCafcDd1oxHx,68,0.367,0.52,0.538,0.00187,0.119,-8.109,0.206,0.177,141.894
2jt2WxXMCD4zjACthkJQVE,93,0.0311,0.939,0.551,0.0,0.192,-9.126,0.291,0.42,118.552
2VIPU72L6tIR4w8J8ap6Kp,72,0.84,0.638,0.367,0.0,0.0999,-7.906,0.0266,0.219,71.957
7B9UAoGiN4iMCv4s40xoiM,53,0.00517,0.374,0.742,0.0,0.11,-3.36,0.0432,0.21,139.953
2gsNpSn7VvvJuSrIDfRoYy,85,0.112,0.78,0.808,0.0,0.329,-5.175,0.484,0.642,79.982
7uzmGiiJyRfuViKKK3lVmR,90,0.0161,0.71,0.789,2.77e-06,0.451,-3.874,0.0722,0.717,142.929
5p7GiBZNL1afJJDUrOA6C8,31,0.343,0.69,0.462,0.00218,0.113,-8.054,0.13,0.325,157.655
2XTquzYQAdT1Hk78bOUwsv,78,0.0441,0.809,0.737,0.0,0.341,-5.186,0.108,0.367,80.025
01z2fBGB8Hl3Jd3zXe4IXR,10,0.89,0.272,0.238,0.00925,0.275,-12.148,0.0349,0.119,83.507
7p4vHnYXkxlzvfePJVpcTr,47,0.162,0.554,0.596,0.00482,0.0805,-8.214,0.13,0.255,165.728
3qN5qMTKyEEmiTZD38BNTT,94,0.279,0.899,0.586,0.0,0.0836,-7.866,0.344,0.492,150.001
0wbnC9AUenxp613TYaJsGK,65,0.0146,0.936,0.588,0.0,0.139,-6.948,0.136,0.238,124.987
0evt4UZbdhnHtcAnxkm6A1,62,0.261,0.907,0.64,0.0,0.0785,-6.542,0.354,0.803,120.995
60Z57Wdrn0pEVpHI7d7GAX,59,0.0305,0.616,0.684,0.0,0.376,-6.032,0.311,0.312,179.503
4j3GWI86JvSaF0BLdmgcfF,57,0.0129,0.76,0.579,0.00351,0.106,-7.374,0.0569,0.125,100.01
08bNPGLD8AhKpnnERrAc6G,90,0.205,0.626,0.88,0.0,0.128,-2.384,0.0504,0.534,95.079
4eWQlBRaTjPPUlzacqEeoQ,95,0.181,0.637,0.713,0.000637,0.137,-4.333,0.0747,0.243,129.923
0JP9xo3adEtGSdUEISiszL,88,0.556,0.921,0.537,0.00404,0.102,-5.723,0.0804,0.711,128.009
2ZFrEp20VO25BXYhMxh0GW,79,0.0997,0.602,0.805,0.0,0.172,-6.079,0.0473,0.322,92.401
33b2wX9d0kxqxhi7lcsC1A,29,0.212,0.653,0.859,0.0,0.111,-3.048,0.0449,0.705,174.037
7AFASza1mXqntmGtbxXprO,83,0.883,0.669,0.308,0.0,0.0984,-10.068,0.029,0.52,64.934
5ubwXXOsH9bUhZsQ0Cybha,42,0.0142,0.746,0.825,0.0107,0.121,-4.666,0.169,0.584,152.914
4mHgYpuGHu99Mw69E83CP2,55,0.68,0.767,0.538,0.0,0.192,-6.044,0.052,0.343,81.031
79Mjfhh393dZdAsTvUFDR6,38,0.0218,0.541,0.703,0.0,0.0964,-5.573,0.102,0.238,94.858
7rC5Pl8rQSX4myONQHYPBK,88,0.0456,0.755,0.575,0.00124,0.276,-8.393,0.0678,0.49,85.987
0b9oOr2ZgvyQu88wzixux9,100,0.117,0.854,0.463,0.0,0.354,-6.159,0.137,0.549,120.024
2QZ7WLBE8h2y1Y5Fb8RYbH,90,0.0573,0.622,0.712,0.0,0.13,-7.321,0.066,0.487,140.025
70khXICDeTTxgYtw3EysKH,46,0.248,0.721,0.459,0.0,0.212,-6.408,0.032,0.46,119.914
0WdR2AyLW1Drd3OUdwezM0,39,0.186,0.71,0.614,0.0,0.0974,-6.757,0.0431,0.658,148.152
1xWH8zYtDeS9mW1JJG23VZ,29,0.375,0.831,0.485,1.47e-05,0.118,-6.677,0.15,0.622,80.022
1mJMD1VIQ7jWTP9DK2zmY0,48,0.143,0.492,0.681,0.0,0.199,-7.038,0.075,0.511,178.01
14kYOiFVPb7E7NfFbqhdln,14,0.0217,0.708,0.454,0.0,0.073,-7.07,0.0395,0.24,110.963
003eoIwxETJujVWmNFMoZy,36,0.0822,0.353,0.755,0.0,0.39,-6.276,0.733,0.437,191.153
0XOnMqLQDO89iAg7dWWwnG,2,0.43,0.652,0.31,1.16e-05,0.182,-10.212,0.0509,0.304,119.913
1e4rwBPVI32vZtTJu7mJ4J,91,0.276,0.69,0.729,5.08e-05,0.106,-5.08,0.372,0.478,128.96
2Yl4OmDby9iitgNWZPwxkd,90,0.0256,0.82,0.568,0.0,0.0952,-8.23,0.411,0.535,152.279
1xYpVRspgaLxdJLOTQkTjg,74,0.221,0.588,0.567,0.0,0.135,-3.738,0.0628,0.113,150.009
27a1mYSG5tYg7dmEjWBcmL,63,0.201,0.702,0.708,0.0,0.118,-5.366,0.0547,0.713,147.98
20MuVazoNMv6xjKPnRFOxG,71,0.192,0.741,0.645,0.0,0.163,-5.116,0.0963,0.488,149.07
4SZepBIPDRwPaHIjAKwRDb,75,0.389,0.607,0.609,1.6e-05,0.111,-5.978,0.291,0.556,74.946
6OaVWaGfhXn70ZJfdVcabn,70,0.0204,0.731,0.811,0.0,0.411,-3.225,0.0712,0.426,147.045
7KZ5MMVgBVox9ycroB2UrI,77,0.229,0.428,0.403,0.0,0.22,-5.914,0.209,0.133,95.387
6rDaCGqcQB1urhpCrrD599,14,0.0805,0.705,0.816,0.0,0.476,-7.046,0.32,0.929,94.211
11kDth1aKUEUMq9r1pqyds,65,0.173,0.712,0.481,0.0,0.241,-5.415,0.0487,0.062,140.0
7BXW1QCg56yzEBV8pW8pah,11,0.204,0.643,0.638,0.0,0.0707,-4.947,0.0407,0.6,82.001
63SevszngYpZOwf63o61K4,15,0.156,0.592,0.691,9.78e-06,0.418,-8.354,0.196,0.0796,99.976
6BJbOXDlgVAXSaq6wYFYT2,60,0.0678,0.804,0.763,0.0,0.368,-5.48,0.0519,0.0585,136.052
4KYS9GK68yeuUJ8vJfPxrq,58,0.0462,0.834,0.731,0.0,0.0731,-5.603,0.0566,0.681,140.001
6NMtzpDQBTOfJwMzgMX0zl,54,0.00146,0.46,0.686,0.0,0.375,-5.948,0.0367,0.252,148.054
4MXhiYIRDMGAuvZc5IFTwC,53,0.142,0.7,0.46,4.81e-05,0.111,-8.111,0.0661,0.286,151.901
2cYqizR4lgvp4Qu6IQ3qGN,51,0.0531,0.763,0.628,0.0,0.114,-5.85,0.05,0.193,140.958
58TaFP5j5i9swOf584yon2,48,0.0985,0.689,0.723,0.0,0.158,-4.052,0.0836,0.288,160.042
6vnfObZ4Ys70SBAtti1xZ9,33,0.0862,0.81,0.582,0.00681,0.207,-5.098,0.125,0.503,95.004
3dlCF1mzW1UKMOb4b1XN17,58,0.0875,0.612,0.878,0.0,0.0505,-3.556,0.0452,0.599,94.014
6Qn5zhYkTa37e91HC1D7lb,89,0.0362,0.672,0.655,0.0,0.117,-5.021,0.0311,0.556,134.945
0STK94RxUulYqWzwFlyAb5,54,0.798,0.397,0.303,4.16e-06,0.0824,-10.413,0.11,0.17,170.22
4BdGO1CaObRD4La9l5Zanz,59,0.117,0.638,0.738,0.000384,0.689,-4.976,0.0292,0.657,97.021
4gB7HrYHbJVJ5RFOjxmoq4,67,0.00585,0.544,0.781,0.0,0.191,-6.16,0.0311,0.527,144.075
09mEdoA6zrmBPgTEN5qXmN,97,0.17,0.461,0.593,0.0,0.307,-4.954,0.0356,0.175,134.17
3U21A07gAloCc4P7J8rxcn,90,0.123,0.925,0.31,0.0,0.0931,-6.531,0.291,0.291,121.927
3qmm9AdG0TnShv0drgXNIQ,38,0.172,0.592,0.571,0.0,0.106,-7.132,0.174,0.424,104.95
39N9RPD9MRb5WmoLzNzPeA,60,0.0364,0.595,0.773,0.00108,0.334,-4.736,0.0549,0.711,180.073
3EApebexZ7YqDIqw2EMTDh,41,0.177,0.514,0.693,0.0,0.351,-5.868,0.408,0.287,110.568
3XF5xLJHOQQRbWya6hBp7d,8,0.462,0.678,0.533,0.219,0.139,-10.485,0.186,0.323,150.455
5Psnhdkyanjpgc2P8A5TSM,93,0.0249,0.413,0.677,0.0,0.0793,-5.12,0.255,0.0845,172.501
1dUHF4RyMmMTveJ0Rby6Xm,83,0.128,0.761,0.598,0.0,0.0839,-7.249,0.182,0.447,173.897
3szf2z1Cy1QMrtHrbn8rz9,87,0.015,0.758,0.474,0.0,0.116,-8.72,0.146,0.0541,76.062
4n1bdaKwynQndm47x5HqWX,71,0.013,0.888,0.372,0.0,0.184,-10.254,0.358,0.123,133.998
1vNoA9F5ASnlBISFekDmg3,47,0.00756,0.448,0.826,0.0,0.117,-3.244,0.0319,0.19,77.093
0zqy3ss4CwD6u4QPksS0nI,80,0.161,0.529,0.69,0.0,0.498,-7.87,0.74,0.311,170.54
7MywASx2OFZngfoORjo1yy,36,0.267,0.875,0.644,0.0,0.125,-6.554,0.222,0.788,139.086
6WlxcZKpEV6Bwe9InoVhMp,48,0.064,0.884,0.579,2.38e-06,0.182,-6.847,0.299,0.313,144.973
7m9OqQk4RVRkw9JJdeAw96,82,0.469,0.872,0.391,4.13e-06,0.297,-9.144,0.242,0.437,134.021
6cblRiEGDRNZgowcm951R3,74,0.0481,0.487,0.849,0.0,0.143,-5.432,0.246,0.52,152.093
4HG1YiGBseVKzjyKcmAJen,73,0.477,0.775,0.482,0.0456,0.11,-11.269,0.0357,0.134,136.016
4c2xt1trwYZpMqPWY35Xi9,69,0.037,0.766,0.271,0.0,0.175,-5.697,0.0412,0.0371,116.02
41a7dZcq30Ss5kPMayWRV0,64,0.117,0.85,0.473,0.0105,0.108,-5.747,0.209,0.38,85.454
2yg9UN4eo5eMVJ7OB4RWj3,84,0.133,0.607,0.596,0.0,0.123,-9.09,0.358,0.149,77.324
5UVNjOSh27encRBqTpBWup,30,0.0744,0.903,0.503,2.09e-05,0.125,-9.188,0.335,0.203,125.0
4lc61NBCDzy2srBHDQeTfN,25,0.233,0.868,0.548,2.67e-06,0.181,-7.864,0.171,0.557,139.999
2WP8G2pdddDmnh1xbfKBOI,59,0.133,0.807,0.32,0.000328,0.101,-8.152,0.0582,0.298,94.99
6tpHfEM8eaETzlPOARYWfZ,18,0.0121,0.932,0.481,0.000497,0.097,-9.499,0.162,0.197,142.078
7yotKA30dwTKNEGomV9ZsI,91,0.21,0.831,0.782,0.0,0.113,-6.274,0.15,0.199,141.869
11L064movtyopGdLiX4sVg,63,0.85,0.686,0.215,0.000123,0.106,-13.54,0.0387,0.273,91.998
1Knctxx9vGZxpZfF66BIEa,36,0.115,0.594,0.798,0.0,0.143,-5.244,0.0844,0.381,142.049
1Tnw0ItH1Macok8gblnPPd,65,0.727,0.698,0.547,0.0,0.159,-7.607,0.315,0.548,83.801
4SUwJA3eUVNHExxMPEUhQe,50,0.106,0.657,0.571,0.00121,0.0735,-12.519,0.14,0.626,167.961
44Du2IM1bGY7dicmLfXbUs,45,0.422,0.5,0.448,8.03e-06,0.115,-10.977,0.442,0.104,144.204
09lmraDvzBT3pUQ2rUtJzK,44,0.406,0.558,0.415,0.0,0.36,-7.355,0.358,0.317,127.096
44KKhCyI0BGS6LvVyDqJtH,77,0.022,0.932,0.506,0.0,0.0933,-7.755,0.161,0.696,139.974
3GVkPk8mqxz0itaAriG1L7,59,0.847,0.734,0.57,2.14e-05,0.112,-7.066,0.133,0.689,129.953
1qsHYUd2c1wFGcn7e63QmG,93,0.15,0.683,0.776,0.0,0.227,-3.251,0.341,0.223,173.996
5eFfsbjSouG8qOpg9ZqDl6,7,0.109,0.624,0.696,0.0,0.132,-6.006,0.0469,0.392,82.001
5PTG6rrL6EPFD9E2QMI2pl,73,0.121,0.733,0.678,0.0,0.344,-7.771,0.438,0.841,175.985
4UKCKdYiLN6IMA5ZESUTL7,46,0.779,0.699,0.304,0.000993,0.137,-11.192,0.0993,0.271,119.705
5slddJ629YcePvqD6Uyk8r,38,0.476,0.557,0.571,0.00114,0.101,-8.106,0.0281,0.392,80.981
1ZAyjvIk9YiD76yYy0TEG6,88,0.202,0.876,0.519,0.0,0.108,-6.531,0.143,0.158,94.981
1HXy5I3HTWq8OvxCn0z7G7,86,0.263,0.677,0.556,0.0,0.105,-6.544,0.0306,0.521,80.009
2ekn2ttSfGqwhhate0LSR0,95,0.00261,0.762,0.7,1.56e-05,0.153,-6.021,0.0694,0.608,116.073
3T9CfDxFYqZWSKxd0BhZrb,77,0.0959,0.655,0.603,0.0,0.107,-5.014,0.0555,0.452,126.088
6KuqAtoeVzxAYOaMveLNpH,58,0.183,0.791,0.848,0.0,0.409,-3.456,0.0506,0.828,95.0
76vMKwFtdDDCLcM6zXybjB,41,0.167,0.491,0.867,0.0,0.458,-2.313,0.103,0.602,167.965
2ZRo7axmMPeSVUvDbGkJah,31,0.661,0.592,0.457,0.000331,0.146,-6.081,0.0603,0.225,146.04
3aW0ds4A4tSQDIp75FqWTo,91,0.00267,0.557,0.719,0.0,0.306,-4.515,0.0372,0.344,77.501
01TnVDiet1DFTsyWKUKovl,21,0.1,0.414,0.416,0.179,0.131,-8.024,0.0251,0.196,159.91
17IFY26jZhgQG6mWzCGrTk,73,0.05,0.704,0.63,0.00031,0.138,-10.521,0.0893,0.476,174.046
3A1BaBGT3HgzuDrV9pgX9v,59,0.224,0.809,0.845,0.0,0.638,-5.843,0.352,0.67,90.015
3nBXOlFTADNvG9nkqy2O2W,48,0.000837,0.484,0.804,9.29e-06,0.17,-5.889,0.0912,0.391,119.838
6VLEVV3KmHCiGHrY9qlXqB,24,0.19,0.814,0.49,0.00013,0.234,-7.738,0.257,0.666,139.975
2aI2k39nfa3KFsa4JclQzw,46,0.0323,0.671,0.859,0.0,0.267,-3.922,0.0833,0.389,139.931
76cy1WJvNGJTj78UqeA5zr,52,0.0403,0.836,0.544,0.0,0.0824,-5.975,0.0943,0.51,97.028
1jNg1rfjc7V9wagU9Xjxq2,17,0.114,0.579,0.567,1.25e-05,0.324,-6.389,0.067,0.546,135.55
4RVbK6cV0VqWdpCDcx3hiT,62,0.339,0.585,0.597,0.0404,0.195,-7.499,0.037,0.227,100.051
0ZceYubS95hN72WYE6dyPH,6,0.0945,0.914,0.534,1.66e-06,0.168,-5.587,0.0624,0.209,119.925
4rBFiGHlaujBGnyQgSdWPh,2,0.135,0.747,0.574,1.86e-05,0.14,-8.391,0.0853,0.302,143.948
3aUFrxO1B8EW63QchEl3wX,54,0.126,0.58,0.469,7.32e-05,0.099,-5.946,0.104,0.369,110.573
2zMDMCtGzTOD8qVHyznGIl,73,0.159,0.547,0.56,0.0,0.103,-5.86,0.0283,0.485,131.855
7GRTrWsP3yo2Fx8umJfA1X,39,0.00457,0.334,0.81,0.0,0.158,-4.855,0.0632,0.306,151.643
7oHkit3F3vimtsBbnZkU0G,34,0.472,0.709,0.751,4.71e-06,0.182,-3.801,0.16,0.37,104.999
4kUZvXB3LC3an3HX6h0s17,32,0.401,0.729,0.504,1.44e-06,0.121,-6.784,0.0321,0.305,110.011
2I3dW2dCBZAJGj5X21E53k,28,0.113,0.841,0.682,9.65e-05,0.131,-7.007,0.0458,0.338,94.985
3s7MCdXyWmwjdcWh7GWXas,74,0.376,0.669,0.419,0.0,0.187,-6.724,0.522,0.0397,109.813
3IPkbTA8KkdDXyWtGkfFXa,51,0.0441,0.489,0.9,0.0,0.247,-3.563,0.0488,0.611,200.054
0yhxBvedRdGxsPZHJNI4VA,73,0.867,0.752,0.396,0.0,0.0486,-7.932,0.411,0.417,116.016
35KV2Nuib6jPMVN00O8iba,65,0.0393,0.643,0.646,0.0,0.109,-2.442,0.0629,0.35,80.174
6ojicjDYUUoeE1tdSvfFo4,20,0.00951,0.455,0.892,0.0,0.143,-3.218,0.0566,0.641,75.218
2VdT56BGpdqNHUgOe1j5vc,87,0.186,0.601,0.59,0.0,0.0942,-5.001,0.0569,0.274,151.952
7oJrVhiTPZGBXWPwhxjy9S,14,0.138,0.718,0.767,0.0,0.114,-5.641,0.166,0.519,160.084
3fpVWegR6YOS1Yk5HSMYIq,90,0.0379,0.61,0.554,3.84e-05,0.166,-5.501,0.137,0.244,159.85
6cpsixIHI63L0hwh3CwZg3,36,0.0518,0.674,0.578,0.0055,0.72,-8.768,0.298,0.163,112.265
12y5Aa7lUHD8BBuwYVl88A,80,0.0146,0.564,0.599,0.0,0.17,-5.923,0.322,0.823,81.56
6bGwKHXHNLmTy6yt147FPh,28,0.0186,0.46,0.697,0.0,0.362,-5.954,0.325,0.701,153.426
0LG2cFomCi8Fb664Lvr3Nu,43,0.00738,0.547,0.804,0.0,0.0308,-5.268,0.0361,0.666,142.016
79LAFAkR1ATb4iIQvZuCL0,58,0.174,0.582,0.728,0.0,0.139,-6.151,0.0292,0.537,150.013
47M0FI03QiAuajGEx5h1Pe,72,0.0165,0.707,0.521,0.0,0.145,-12.75,0.0476,0.301,150.085
7iEoaTyBCqLaAwJnOP1BTn,1,0.0713,0.694,0.796,0.0163,0.096,-3.696,0.198,0.592,78.033
59XHPyb0MTMElZpkG0Wp69,33,0.129,0.706,0.783,0.0,0.0952,-5.337,0.424,0.513,130.195
4caEPudXQ1xDd1garjHPFv,28,0.775,0.823,0.447,1.48e-05,0.0931,-10.562,0.126,0.413,110.059
5lf3ajySox32qFvGEf2TFM,22,0.00271,0.811,0.646,0.0,0.191,-4.902,0.257,0.386,77.555
090R9OdFMbQQksvwuXmNEY,19,0.0392,0.737,0.728,0.0,0.159,-5.498,0.402,0.587,144.964
6XlSyYFTU1nodeWwwzVgTV,18,0.181,0.831,0.713,0.0,0.0572,-3.646,0.094,0.69,132.109
4H7WNRErSbONkM06blBoGc,84,0.414,0.479,0.468,0.0,0.148,-5.396,0.0274,0.35,85.913
2UciqgwVDwro0fev3MFbxJ,95,0.115,0.719,0.497,0.0,0.0898,-7.661,0.681,0.345,81.651
6tZ3b7ik1QDXFAZlXib0YZ,93,0.482,0.829,0.527,0.0,0.631,-6.644,0.367,0.473,116.078
7fCNUWi6uflDTQ08srxMZk,55,0.0224,0.827,0.658,0.0,0.0417,-3.846,0.0517,0.523,115.016
5PIfH6BzcmH04RDmtzF0BN,70,0.139,0.851,0.666,0.0,0.105,-5.334,0.0694,0.0585,134.068
2UVbBKQOdFAekPTRsnkzcf,93,0.00299,0.815,0.816,0.0,0.159,-5.474,0.269,0.498,181.967
09IOPhEh1OMe0HD9b36FJk,77,0.131,0.559,0.761,1.6e-06,0.143,-4.041,0.0877,0.24,163.898
5lZZmityu9TAjNvSY6GLhR,78,0.143,0.742,0.84,0.0,0.133,-5.198,0.0471,0.287,138.032
2HWelwHQS4EdRqIycZOc3O,23,0.165,0.635,0.324,4.18e-06,0.108,-9.51,0.0769,0.0741,117.863
5ffntNJnJOeFv7b7DCd0Bw,72,0.597,0.767,0.625,0.0,0.409,-6.193,0.0836,0.577,120.092
1D2L6MefbXon28PzIk9I3r,61,0.269,0.802,0.743,1.36e-06,0.121,-4.82,0.0474,0.877,146.03
2qsQ8eVDPmobZpvDxQCVQu,76,0.0849,0.917,0.689,0.0,0.603,-6.225,0.264,0.443,102.414
4qWCFTuNnmGNdY4egtb4ZY,55,0.354,0.645,0.657,5.17e-06,0.213,-5.688,0.0334,0.136,104.931
1ZemPoaj7LBj1RAQrb89EC,54,0.135,0.651,0.587,1.07e-05,0.149,-7.307,0.0421,0.317,121.838
1k7KigfkZh2Xb6khqV1a0K,42,0.00451,0.799,0.659,0.0,0.13,-5.593,0.272,0.256,177.957
2HGymMoOdB4ZYv0AAqYmgF,39,0.708,0.534,0.815,0.0,0.111,-2.815,0.0278,0.564,159.848
45RbAX2KxbPdNwUgeYA69j,3,0.175,0.731,0.675,0.0,0.213,-4.771,0.247,0.381,155.049
32lItqlMi4LBhb4k0BaSaC,67,0.627,0.67,0.654,1.02e-06,0.071,-5.944,0.153,0.438,180.024
0MrRAUcB8AZiB9ue2VOBYe,44,0.26,0.6,0.767,0.0,0.0979,-4.232,0.0868,0.291,164.079
1AT4xjNarTswd0UZ5FlmKF,86,0.135,0.869,0.385,0.0,0.0931,-7.801,0.297,0.596,149.897
0R6Jlsq25eZB3Wftpxi3oF,28,0.751,0.341,0.495,0.462,0.261,-10.251,0.0446,0.252,78.395
0bhnUFDQFCEHCBlsQfHnj5,87,0.0299,0.825,0.487,0.0,0.0868,-6.416,0.233,0.372,105.05
5sWbwccBcyHsg5LEKWGZo9,71,0.19,0.675,0.567,1.77e-06,0.175,-9.147,0.263,0.658,84.039
4h8VwCb1MTGoLKueQ1WgbD,97,0.00346,0.518,0.784,0.00187,0.171,-5.659,0.0524,0.588,124.102
1zB4vmk8tFRmM9UULNzbLB,97,0.00671,0.605,0.822,0.134,0.147,-4.833,0.0438,0.288,167.997
0Px86mRlxdB3YqpK6KXWlr,54,0.626,0.548,0.472,0.0,0.119,-8.343,0.477,0.138,82.36
52okn5MNA47tk87PeZJLEL,89,0.298,0.656,0.721,0.0,0.173,-5.665,0.122,0.468,148.066
6QgjcU0zLnzq5OrUoSZ3OK,97,0.0417,0.801,0.795,0.000113,0.0717,-5.115,0.0504,0.754,79.028
4YwNf1fLZt9IQhJeHNWfBi,48,0.844,0.456,0.268,0.0693,0.107,-15.164,0.0417,0.12,78.531
5vuMtXS5kQ7F0o9V9rG1dG,36,0.265,0.488,0.637,0.0,0.106,-7.63,0.0401,0.23,88.865
74cVJfmK18rhWnscIpGXjt,51,0.17,0.837,0.549,0.0,0.057,-5.722,0.167,0.209,121.954
75ZvA4QfFiZvzhj2xkaWAh,85,0.0689,0.556,0.538,0.0,0.196,-5.408,0.0382,0.291,143.95
7y9iMe8SOB6z3NoHE2OfXl,96,0.0604,0.675,0.751,0.0,0.0893,-3.539,0.0296,0.612,118.384
0OWZFobGSIW9GrSlQ9C5pc,71,0.113,0.588,0.408,0.0,0.13,-8.662,0.0237,0.484,85.008
17Yq72h0p15OhCbZ5lJ5gd,58,0.154,0.884,0.814,1.67e-06,0.158,-5.333,0.303,0.907,155.938
0aVsVsOYDSEEigiwTrIab9,28,0.239,0.46,0.566,5.93e-06,0.0967,-5.637,0.0516,0.19,168.419
7DKS0rX27cCEPsK0R6tFWS,74,0.61,0.56,0.678,1.42e-05,0.111,-6.167,0.0581,0.29,122.585
7p2ewixAShLpjDZrnzZK7c,63,0.0977,0.806,0.57,0.0,0.105,-6.927,0.246,0.454,93.015
1vBeIXlzbAieGoDqInav5j,43,0.107,0.947,0.788,0.000691,0.108,-6.138,0.124,0.454,129.977
5KhFaq45chTw8RGfWo8T8J,51,0.175,0.764,0.711,0.0,0.105,-3.818,0.288,0.774,90.076
2p2cCrOaNrIOLk5ArtlHy6,22,0.0285,0.599,0.931,0.0,0.102,-3.662,0.0517,0.788,111.012
2fXwCWkh6YG5zU1IyvQrbs,19,0.13,0.684,0.683,0.0,0.156,-7.366,0.177,0.406,112.856
1eFrhAmzoQnTlwvnqvLt7D,57,0.257,0.496,0.632,1.07e-06,0.109,-4.933,0.0282,0.278,156.034
27oFpFktCq9JIXjJQRuv7a,2,0.0524,0.728,0.584,0.0,0.0658,-7.255,0.176,0.365,161.9
4hxfqUojJ5u9SyAjiXevmy,40,0.118,0.537,0.518,0.0,0.146,-5.987,0.188,0.427,132.527
1MKZaAEx8RrzoQjHhVuvgs,48,0.0273,0.538,0.6,0.0,0.147,-5.463,0.0489,0.26,81.888
4ppTAJUbNXELZcoUaL90wo,75,0.596,0.456,0.679,0.000573,0.129,-5.778,0.064,0.107,92.026
06gD2ZtK3Dzc1BYqWExQJJ,56,0.133,0.607,0.575,2.52e-06,0.0566,-7.066,0.0252,0.504,78.341
2mfahQ0EaaZWq4cFNg6A1o,49,0.14,0.634,0.668,0.0,0.216,-5.488,0.0291,0.635,80.989
222v3YWai71jHuHjeBCFBs,17,0.264,0.863,0.657,0.00619,0.0713,-7.295,0.105,0.829,115.958
4PpuH4mxL0rD35mOWaLoKS,65,0.00214,0.916,0.727,0.000145,0.118,-6.556,0.0861,0.201,94.997
0Nwar8rweBUyfyuoyjjUvk,49,0.915,0.404,0.564,0.00252,0.134,-7.013,0.0344,0.371,93.631
57IRaiAB4hBZu3gnNVZC0v,40,0.113,0.658,0.736,0.0,0.0978,-6.097,0.308,0.804,143.966
0709StHzSeXpdj2zmqF2o2,13,0.192,0.769,0.482,0.0,0.0903,-7.205,0.0502,0.487,120.959
74ZovzRxHBvCq5yIwe8boh,12,0.0456,0.589,0.57,1.51e-06,0.137,-9.54,0.361,0.441,136.203
2hl6q70unbviGo3g1R7uFx,54,0.0328,0.726,0.889,0.0,0.0925,-3.655,0.0429,0.649,96.024
2A69wys3S9uiPSmn6UZWJn,50,0.593,0.725,0.437,0.0,0.0842,-9.602,0.0575,0.759,83.985
2DlIwu1iDTILEMXA7MUotn,23,0.0868,0.412,0.619,2.55e-06,0.4,-6.39,0.0725,0.234,95.977
3tZs3nVjySLbL320lP4mvs,1,0.255,0.415,0.313,1.4e-05,0.117,-12.945,0.0561,0.0875,84.953
34zBwp36K4bllpwnXAlkoN,95,0.204,0.78,0.331,0.0,0.243,-14.236,0.087,0.1,138.063
4HbiCvH1R7mVOJ7KY7JQBD,89,0.0553,0.66,0.775,0.0,0.129,-4.926,0.172,0.635,157.036
4vaxvNDaLSoD36iZX515ug,37,0.434,0.821,0.434,0.0,0.128,-9.194,0.118,0.241,120.012
3e7Y6sfFlIdBMJhX7wpqVO,79,0.0635,0.829,0.589,0.0,0.113,-7.055,0.202,0.233,139.971
0FbSpY8RPxTRxi1Fpj9Dz9,28,0.000831,0.938,0.549,0.000243,0.082,-8.368,0.098,0.412,144.005
6V4KHt9xu4TPEnDFoBeacT,55,0.00529,0.734,0.751,0.0,0.183,-7.26,0.285,0.56,161.997
5Z3GHaZ6ec9bsiI5BenrbY,83,0.199,0.798,0.539,1.66e-05,0.165,-6.351,0.0421,0.394,136.949
6wmAHw1szh5RCKSRjiXhPe,80,0.211,0.845,0.561,3.49e-06,0.0383,-5.253,0.0778,0.811,109.974
7CkbRn6S0itJqcqn88AtSV,6,0.0216,0.873,0.663,0.000356,0.0867,-4.086,0.15,0.525,135.499
6ufrOaf4v6Qady6GiIpQ0s,1,0.00703,0.475,0.752,0.0,0.406,-6.596,0.0467,0.515,154.957
7gvd8xj4QgPqbQSsn5pV7d,95,0.0237,0.705,0.64,0.0,0.262,-6.928,0.225,0.887,144.077
7u90MSvVyEjL0c8icaE7jl,41,0.102,0.805,0.824,0.0,0.198,-5.844,0.0534,0.649,126.012
3s3VVLE1kB7Xk2AoJKlGmr,33,0.00189,0.868,0.752,1.69e-05,0.142,-6.786,0.0667,0.874,149.987
1GtVGc1UYin3zpMUdNSSpM,27,0.09,0.566,0.586,0.0,0.0976,-7.444,0.131,0.273,95.032
0D5CXSUx8GOCHSY8KWgi9h,14,0.194,0.631,0.805,0.0,0.132,-5.401,0.369,0.674,155.864
4fZxGiES1FKbNqJPrI4L3s,4,0.0637,0.746,0.531,2.66e-06,0.118,-5.607,0.0379,0.321,77.047
6IqEmqDuOVHUQHzYH0pJtu,10,0.388,0.924,0.369,5.14e-06,0.0932,-15.015,0.0919,0.433,121.96
2tPcTFiQF9MbVUyjZ3zDhA,36,0.177,0.856,0.652,0.0,0.193,-5.324,0.143,0.471,97.017
3g2qgbWPl8TcgJIkstWpSV,100,0.0606,0.813,0.574,0.0,0.428,-9.401,0.0577,0.546,124.982
2vHfabj6nFebekTYODqntl,40,0.00699,0.618,0.867,1.03e-06,0.202,-4.915,0.0439,0.579,98.03
6RSNKGdv3nDTHqgw4bdzyF,52,0.119,0.555,0.722,0.0,0.0861,-6.005,0.034,0.559,134.058
6UsoV6X96Rox9mfxoz7SFy,39,0.496,0.846,0.711,0.0,0.247,-7.939,0.061,0.883,120.013
0tYHqwTW4s6VuPWDSD7n7K,51,0.175,0.885,0.641,0.0,0.234,-4.455,0.351,0.201,91.167
5gW5dSy3vXJxgzma4rQuzH,2,0.132,0.859,0.413,0.0,0.334,-7.399,0.182,0.697,115.035
0QVISdPWRllAmoDBG3DEHU,6,0.0375,0.852,0.691,0.0,0.0517,-5.175,0.139,0.658,61.115
7qiZfU4dY1lWllzX7mPBI3,100,0.581,0.825,0.652,0.0,0.0931,-3.183,0.0802,0.931,95.977
1mXVgsBdtIVeCLJnSnmtdV,97,0.652,0.698,0.375,0.0,0.173,-8.279,0.0491,0.534,91.92
43ZyHQITOjhciSUUNPVRHc,98,0.239,0.936,0.523,0.0,0.117,-6.71,0.0597,0.699,119.889
6vlxmQGwmlyp07YjkugV6K,33,0.0547,0.577,0.727,0.0,0.0891,-5.848,0.0319,0.24,112.041
0iQ77tSa7ncj7zBPtVx6cU,36,0.00754,0.582,0.821,2.1e-06,0.818,-4.861,0.0365,0.468,100.025
6p01Q7WF857BsAsByBXyaG,32,0.163,0.556,0.477,6.86e-05,0.113,-8.796,0.034,0.302,84.982
5ZpjODX6OH1xZs3AOewTO6,92,0.0354,0.745,0.579,0.0118,0.246,-5.771,0.138,0.645,97.002
5qN4HFkapdAOV94XPryVof,10,0.625,0.618,0.582,3.84e-06,0.265,-9.454,0.297,0.48,90.035
31gpXWZEOgWhkEhyVGuOe2,31,0.243,0.755,0.698,0.0,0.2,-7.496,0.0806,0.409,124.989
3T6MAweakkNrMYs8jZIWtg,55,0.196,0.582,0.568,0.0,0.0841,-6.051,0.0297,0.64,76.025
6waqLPcT6ruMhmd36OhmFO,41,0.0715,0.584,0.621,1.68e-06,0.389,-5.703,0.0443,0.634,92.003
4KTU5aa5s547f1JF5DImhF,28,0.315,0.624,0.452,1.02e-05,0.311,-8.206,0.0681,0.724,199.775
4haJoBPbPj9QFKNpp9e8kx,94,0.00531,0.654,0.839,0.0,0.308,-5.076,0.443,0.549,74.886
58kZ9spgxmlEznXGu6FPdQ,36,0.109,0.663,0.577,0.0,0.12,-7.518,0.0531,0.454,89.996
3AsNVBJ7LHsltdu9490ZiS,3,0.0178,0.74,0.777,1.27e-06,0.0665,-4.405,0.0329,0.834,104.989
6jT85s2dZ55HBqjXYi2rfI,30,0.00695,0.793,0.554,0.0,0.127,-6.624,0.0451,0.225,119.993
0pqnGHJpmpxLKifKRmU6WP,97,0.0622,0.776,0.78,0.0,0.081,-4.374,0.128,0.666,124.949
7yt6eiZQCkVFEzwGp4Pbor,48,0.25,0.781,0.676,0.0,0.0783,-4.387,0.0596,0.328,75.944
6RKkHI2fkmgZq7uQPPav8f,28,0.272,0.635,0.601,0.0,0.112,-9.837,0.144,0.515,180.046
43dOwOq0mB4i6j4SpcSkqC,18,0.0737,0.815,0.551,0.0,0.216,-4.048,0.0936,0.168,152.001
4Kw3CztmD15X1QGDnnHmLD,16,0.0716,0.924,0.716,0.0,0.201,-5.801,0.165,0.254,129.987
0G9rmRmQDFk9O2tzZLyRkc,14,0.0348,0.891,0.333,0.0,0.126,-8.316,0.175,0.381,139.965
52ioLaTnO2J7BWY8UN2n9D,45,0.0422,0.638,0.441,1.33e-05,0.107,-9.064,0.0347,0.473,76.078
2fQrGHiQOvpL9UgPvtYy6G,89,0.0151,0.884,0.346,7.04e-06,0.0871,-8.228,0.351,0.376,75.016
5cF0dROlMOK5uNZtivgu50,96,0.109,0.775,0.613,2.33e-05,0.134,-4.586,0.0542,0.797,100.066
2yQZwi1P8AkkxxFhQ8rMEK,56,0.401,0.671,0.617,0.0,0.119,-8.72,0.0561,0.62,147.986
7hdw5gAGMyyn9z0XgfTv1j,19,0.218,0.726,0.789,0.0,0.237,-4.097,0.134,0.268,130.947
3wdfLVUhmX64lIyWIIEW8s,27,0.0247,0.889,0.494,0.0,0.12,-5.578,0.139,0.24,129.968
4ylWMuGbMXNDgDd8lErEle,13,0.000239,0.417,0.824,0.0545,0.0725,-7.36,0.105,0.4,157.92
0Gl5s8IhMmQE5YQwM8Qx1J,13,0.423,0.277,0.394,0.0,0.0952,-8.903,0.0336,0.227,86.777
49K3jbwZmZKaDGTfjpIVg0,30,0.0253,0.911,0.643,0.0,0.103,-7.408,0.117,0.605,133.029
609qKv3KPAbdtp0LQH2buA,45,0.171,0.348,0.87,4.4e-06,0.202,-5.86,0.137,0.763,83.392
6gU9OKjOE7ghfEd55oRO57,72,0.241,0.487,0.366,0.0,0.126,-9.405,0.0531,0.161,68.191
4NiehSBQthimPzRsVeOgCT,21,0.00407,0.701,0.458,0.000151,0.045,-7.749,0.0836,0.482,102.967
2yLa0QULdQr0qAIvVwN6B5,97,0.0527,0.613,0.764,0.0,0.197,-6.509,0.136,0.417,160.015
0KKkJNfGyhkQ5aFogxQAPU,100,0.013,0.853,0.56,0.0,0.0944,-4.961,0.0406,0.86,134.066
09iyGiljLWRYXdRazFkdtJ,45,0.214,0.638,0.634,0.0,0.0866,-6.474,0.0468,0.473,92.097
39jXnbACjiaiTwwhsr5sY5,35,0.381,0.509,0.538,0.0,0.13,-6.456,0.0397,0.178,153.711
1psC5iHzQxaTMZ5dWGfM6I,11,0.00171,0.887,0.568,1.11e-05,0.0812,-5.853,0.323,0.754,162.038
0Qh38w01QRXK6KHIv0e3hb,88,0.0285,0.489,0.588,2.11e-06,0.0906,-6.177,0.0507,0.187,113.617
1JbR9RDP3ogVNEWFgNXAjh,100,0.204,0.766,0.709,1.41e-05,0.126,-6.471,0.123,0.506,128.07
5w3NgfV8v1nNZFLUBlGHIL,44,0.118,0.602,0.929,0.0,0.103,-2.741,0.0839,0.677,130.024
3wGXyJGsCf1myH5MooQIqE,57,0.00266,0.766,0.606,0.0,0.166,-6.064,0.456,0.352,160.223
7J6bnDDitOwfelaJNixHhL,33,0.00158,0.737,0.737,0.0,0.28,-3.72,0.238,0.5,134.066
628Ueb4sRiXApObhcU9iPU,30,0.00277,0.663,0.842,0.000974,0.123,-4.152,0.101,0.346,159.132
7g7raxdQpiLZT7aOlib4S1,11,0.0158,0.87,0.656,0.0,0.106,-5.081,0.117,0.416,162.835
7foypmc7KZyU716Yv63BPe,9,0.00823,0.857,0.642,0.0,0.106,-3.656,0.0588,0.0658,150.06
4iTyf5pLZMOR8YrEZgSopo,9,0.16,0.884,0.492,0.0,0.359,-5.343,0.112,0.11,130.072
7KXjTSCq5nL1LoYtL7XAwS,100,0.000282,0.908,0.621,5.39e-05,0.0958,-6.638,0.102,0.421,150.011
7JJmb5XwzOO8jgpou264Ml,95,0.38,0.866,0.813,0.0,0.0779,-4.063,0.0554,0.969,121.998
1mMLMZYXkMueg65jRRWG1l,68,0.013,0.551,0.801,6.03e-06,0.265,-5.069,0.0303,0.625,128.027
30MM5jWpUmOxtTNd9Ey5LZ,54,0.032,0.663,0.738,0.000225,0.0856,-5.48,0.0303,0.825,130.02
6IvespQWGW4USXwexlVKDm,15,0.0803,0.554,0.887,0.0,0.15,-3.367,0.503,0.648,172.233
16QN8cBubEq706vNtPpOME,54,0.0053,0.808,0.581,1.19e-05,0.0828,-5.43,0.07,0.758,130.012
1WIZiOuNO3woKfdlSK2gNn,55,0.0319,0.804,0.66,0.0,0.103,-4.86,0.0726,0.257,94.053
1uL78kFWxhz3umTMWJu8n5,52,0.0715,0.813,0.528,0.0,0.125,-6.305,0.313,0.131,79.532
0jdny0dhgjUwoIp5GkqEaA,79,0.491,0.576,0.39,0.0,0.111,-7.202,0.0297,0.319,73.433
3Q3myFA7q4Op95DOpHplaY,61,0.00419,0.742,0.599,1.02e-05,0.126,-6.256,0.0465,0.154,110.977
2cOUlop2ZakjOKe4WinesN,90,0.0139,0.726,0.431,0.0,0.054,-6.666,0.0554,0.86,85.889
0s6OWiWGuiCcm1Muzch5A8,34,0.0297,0.563,0.887,0.0,0.352,-5.013,0.0857,0.794,158.05
5yuShbu70mtHXY0yLzCQLQ,25,0.228,0.665,0.498,0.0,0.0757,-8.185,0.0831,0.127,81.967
7Hr2XoaGpIMKbNXCZDZ3le,22,0.0157,0.368,0.796,0.0,0.0694,-4.923,0.0823,0.181,170.033
1Dm4iAvqwYrZjgSFJNW5TG,51,0.434,0.636,0.428,1.02e-05,0.0903,-6.512,0.0375,0.32,139.919
5XQMr19TL7Mfksq9zihbOu,23,0.00543,0.614,0.598,0.0,0.1,-6.335,0.0561,0.565,105.803
7GX5flRQZVHRAGd6B4TmDO,94,0.00264,0.732,0.75,0.0,0.109,-6.366,0.231,0.401,155.096
1dNIEtp7AY3oDAKCGg2XkH,98,0.0306,0.607,0.649,2.46e-05,0.174,-6.695,0.0362,0.505,102.996
1GwMQaZz6Au3QLDbjbMdme,74,0.186,0.598,0.504,0.000221,0.34,-9.874,0.0731,0.252,163.954
12WvaS3V4dPRBU2o37vX69,88,0.0713,0.8,0.535,9.48e-06,0.213,-6.684,0.135,0.451,92.027
31x4wWBghN7f5PiEZUmcAW,12,0.214,0.471,0.848,1.84e-05,0.658,-5.355,0.0538,0.332,161.049
7fOPVfABNLg3sxtgXBhBdp,5,0.00278,0.826,0.597,0.0,0.156,-7.807,0.432,0.35,118.044
7mldq42yDuxiUNn08nvzHO,95,0.463,0.731,0.469,1.04e-06,0.103,-7.226,0.0326,0.631,98.963
152lZdxL1OR0ZMW6KquMif,85,0.33,0.736,0.449,0.000162,0.0898,-11.462,0.425,0.326,80.126
0w3Q14i073jLoew1hgJkwD,54,0.0617,0.594,0.824,0.0,0.0861,-4.252,0.0458,0.671,116.005
1B6TmCvKjC4dopBohVW51x,32,0.00368,0.739,0.536,0.0,0.0968,-6.501,0.0587,0.193,122.022
66pxmg3Jhjm09tHoWR1wVR,38,0.00916,0.612,0.848,0.0,0.366,-3.736,0.0368,0.719,120.996
73WWkaWkIRSP3MYGZ14aY4,35,0.00825,0.555,0.746,0.0,0.0796,-5.522,0.033,0.712,75.01
3lyeSiAIdLoZUHhV8psOTI,33,0.0118,0.853,0.688,0.0,0.151,-6.509,0.296,0.565,150.012
3IJ6BBFLD2I2CH3hHFQj3O,9,0.0751,0.705,0.474,0.0,0.229,-7.534,0.355,0.179,146.244
1OG4nxGMy72EklX2DwcN3Z,3,0.322,0.597,0.68,0.000143,0.111,-7.104,0.0769,0.195,119.946
5uCax9HTNlzGybIStD3vDh,90,0.695,0.358,0.557,0.0,0.0902,-7.398,0.059,0.494,85.043
2YMhrXQYKkm4kXLcXKKd5z,65,0.0251,0.554,0.743,0.0,0.359,-6.016,0.0287,0.673,72.997
5zwKfokZAwe4kz68lEHtUf,34,0.0207,0.434,0.921,0.00209,0.116,-2.248,0.0688,0.426,171.945
3I7krC8kr0gFR7P6vInR1I,54,0.122,0.549,0.751,0.0,0.208,-5.423,0.0299,0.493,89.953
2BJpuAoDeQ1QuPvnryfAWK,27,0.0164,0.759,0.646,0.0,0.137,-7.815,0.304,0.242,145.005
3AMnOVxEHUgVrythGgqPhI,26,0.391,0.831,0.814,0.0,0.109,-5.18,0.474,0.846,161.041
5SE57ljOIUJ1ybL9U6CuBH,34,0.022,0.598,0.775,0.0,0.0677,-4.035,0.0545,0.687,129.819
0wXuerDYiBnERgIpbb3JBR,89,0.167,0.743,0.347,0.00951,0.103,-11.174,0.121,0.572,160.143
5JW8njiQorZ7m2VHYddTt6,33,0.156,0.924,0.387,0.000331,0.0973,-7.738,0.115,0.0624,120.014
08wJ1B9yu9sPeoRa5fbpr3,22,0.00166,0.735,0.831,0.217,0.291,-5.898,0.0332,0.756,123.017
0OlS52TmtK2gPaEtdmr7DN,55,0.295,0.65,0.782,0.0,0.107,-4.295,0.0721,0.944,171.988
1RouRzlg8OKFeqc6LvdxmB,53,0.213,0.766,0.756,0.0,0.349,-5.861,0.132,0.716,94.027
2EWpa5XnAuSn0sIkSSIhYk,17,0.13,0.651,0.716,0.0616,0.125,-6.516,0.0258,0.722,101.05
0VgkVdmE4gld66l8iyGjgx,96,0.0102,0.833,0.434,0.0219,0.165,-8.795,0.431,0.281,150.062
2qcHhMi1MQBDEtzy8p4tRR,56,0.055,0.622,0.763,8.91e-06,0.315,-6.4,0.0263,0.621,102.0
6SUxrwVN19Kmd9JfIbjJUj,24,0.215,0.852,0.577,0.0,0.138,-6.347,0.16,0.448,119.986
1e1JKLEDKP7hEQzJfNAgPl,72,0.0113,0.791,0.581,0.0,0.35,-7.323,0.286,0.438,162.99
4iLeL1aYGcQBsYcWIhXIUO,21,0.0528,0.46,0.821,0.0,0.0818,-5.333,0.0404,0.438,164.144
0kN8xEmgMW9mh7UmDYHlJP,68,0.196,0.578,0.574,0.0,0.083,-6.209,0.0454,0.301,174.152
1QgTBfRN5m81a5K01qens6,41,0.0235,0.791,0.513,2.83e-05,0.101,-6.568,0.269,0.481,76.997
3izNaTiYdotdPL0Bs76JqO,62,0.0353,0.652,0.719,0.0,0.108,-7.251,0.033,0.24,94.969
10GJQkjRJcZhGTLagFOC62,43,0.0485,0.76,0.588,0.0,0.0847,-7.082,0.0775,0.384,102.974
2ZdCrBA52bb4pIG3tOOZiQ,10,0.222,0.747,0.606,0.0,0.281,-5.286,0.172,0.2,155.055
5tRmoZRoupvMYPV1oezFrH,20,0.0043,0.623,0.58,0.0,0.394,-7.076,0.332,0.301,163.159
5TXDeTFVRVY7Cvt0Dw4vWW,24,0.782,0.746,0.251,0.00203,0.106,-16.169,0.259,0.18,139.999
3n2A6l4UayVe3GGKCvfQWV,42,0.0353,0.488,0.744,0.0,0.0952,-4.284,0.131,0.59,180.007
37F0uwRSrdzkBiuj0D5UHI,70,0.142,0.705,0.505,0.0,0.164,-6.923,0.192,0.391,160.043
2H881m3JRA8lpuuwaQL6zy,1,0.387,0.614,0.682,0.0,0.134,-4.117,0.102,0.566,100.202
6HZILIRieu8S0iqY8kIKhj,97,0.00454,0.638,0.523,0.0,0.0842,-6.664,0.357,0.422,139.913
3tcoEYOZUHKB3RKNByIN13,19,0.159,0.902,0.673,0.0,0.289,-7.481,0.458,0.615,132.066
0QV16pno66L6K3fn4W13b7,11,0.0112,0.788,0.689,0.0,0.22,-7.211,0.13,0.681,136.045
2H3wWrnO758y0fPH7Ilerg,10,0.585,0.769,0.156,0.015,0.102,-10.7,0.035,0.527,105.95
2UwbhMie1EAYuTZ0QXeMwl,7,0.307,0.731,0.204,0.0109,0.0989,-11.314,0.0369,0.191,142.141
2yZax79pOrYuyIFVW2cZY2,6,0.768,0.735,0.197,0.000276,0.296,-13.378,0.537,0.383,147.899
7i2DJ88J7jQ8K7zqFX2fW8,84,0.107,0.67,0.585,1.11e-06,0.131,-4.861,0.0354,0.447,110.03
6PCUP3dWmTjcTtXY02oFdT,95,0.0232,0.461,0.834,1.14e-05,0.14,-4.868,0.0989,0.471,135.007
1dFLowBW25EaL2OC7eKEa2,42,0.0338,0.653,0.911,0.000659,0.081,-4.635,0.0439,0.942,152.043
2fGxYYMQbVqgIdaqfz2OwA,22,0.00129,0.548,0.873,4.55e-05,0.138,-4.881,0.0618,0.328,121.918
6KjbNLbRjuoa8rEq5yNA6H,24,0.0121,0.673,0.514,8.5e-05,0.385,-10.772,0.0465,0.312,100.035
424fL03cevdUjWZdtLMTdP,45,0.00131,0.484,0.778,0.935,0.179,-9.061,0.0288,0.305,114.961
19yTqpHTUrw7mOcRDvXYzn,9,0.0985,0.491,0.904,0.0,0.183,-4.324,0.0344,0.588,150.007
0bXFIF7iL17TYLyx8JHziM,25,0.0252,0.806,0.77,0.0,0.0645,-6.464,0.19,0.406,152.094
4MofYf0f4ijlVV6elUW5S3,6,0.0447,0.78,0.784,0.0,0.122,-5.039,0.186,0.43,85.023
2Vf2Pflg5rTWSvSCK4qq4A,39,0.153,0.741,0.58,0.0,0.109,-7.741,0.378,0.428,97.092
1DA7FEKgQeyRPtU44L5DOf,82,0.386,0.607,0.536,0.0,0.102,-7.306,0.0305,0.434,147.986
1UZOjK1BwmwWU14Erba9CZ,91,0.0767,0.573,0.781,2.64e-05,0.0813,-6.406,0.0555,0.343,139.934
2fZQIJew3nkNe99s2PKzul,81,0.189,0.965,0.414,0.0,0.0767,-6.408,0.0713,0.728,121.032
3muBQDekYAg7jm6hDu6R0Z,53,0.171,0.587,0.711,0.0,0.125,-6.33,0.42,0.381,98.008
3umS4y3uQDkqekNjVpiRUs,9,0.243,0.683,0.691,0.0,0.14,-5.535,0.0432,0.732,179.91
0xG0SHshCStMEyNbNC5d4k,90,0.39,0.686,0.415,0.0,0.0617,-6.855,0.0752,0.446,114.205
0pSBuHjILhNEo55xK1zrRt,81,0.0837,0.804,0.886,0.0,0.266,-2.512,0.04,0.789,144.946
5mCPDVBb16L4XQwDdbRUpz,93,0.304,0.804,0.459,0.0862,0.11,-11.556,0.039,0.372,111.963
1g1TeDflB6atAy7HKwrzXu,4,0.00369,0.515,0.847,6.66e-05,0.293,-2.951,0.039,0.645,168.104
6Na5uKk5SsqZimk0hAWo8y,65,0.0853,0.79,0.734,0.00409,0.112,-4.66,0.0524,0.223,107.369
2nLtzopw4rPReszdYBJU6h,90,0.0046,0.496,0.863,0.0,0.639,-4.153,0.0381,0.243,110.018
60a0Rd6pjrkxjPbaKzXjfq,99,0.0103,0.542,0.853,0.0,0.108,-6.407,0.0498,0.37,105.256
1GOuHB20lqVyxv3GdxovPY,24,0.167,0.784,0.608,0.0,0.0871,-5.885,0.245,0.382,90.713
0hjLM1wMtk27Qd4ZihyHmi,22,0.0948,0.683,0.854,0.0,0.267,-3.915,0.196,0.131,92.006
7sLDnUauivS2vN6Z9EfUJT,18,0.0515,0.63,0.628,0.0,0.091,-4.016,0.327,0.266,121.307
4D4xJ4LyDXBWIf9thFSMAJ,30,0.0103,0.554,0.903,0.0,0.107,-3.152,0.0515,0.419,112.998
6r46lnXFbE9fr2d3KNaGbe,10,0.333,0.737,0.709,0.0,0.289,-6.889,0.045,0.556,125.997
1QiwdLAzAnzmiwvoGMXM7b,2,0.239,0.472,0.695,0.0,0.0942,-5.008,0.443,0.351,73.031
6b8Be6ljOzmkOmFslEb23P,97,0.034,0.818,0.803,0.0,0.153,-4.282,0.0797,0.632,106.97
1SJtlNRJDeYHioymcvsqev,54,0.334,0.334,0.617,0.0,0.163,-5.834,0.383,0.603,85.227
0c4ICGb0jvszKj3KPR59JU,45,0.0558,0.523,0.725,6.96e-06,0.0937,-5.448,0.0339,0.528,155.855
34oB5r0lcN3fYWCs2uA1k5,62,0.0792,0.697,0.506,0.0,0.0893,-4.863,0.0325,0.516,100.002
3BuLtAmXKy5uQYl4ED1zBT,28,0.137,0.673,0.637,0.0,0.184,-4.518,0.0429,0.678,123.98
1EaKU4dMbesXXd3BrLCtYG,85,0.204,0.748,0.705,0.0,0.246,-4.547,0.485,0.483,189.891
6xHI9KjUjYT0FPtGO8Mxa1,70,0.0153,0.464,0.813,0.0,0.254,-6.185,0.0416,0.516,75.975
5BQ10lnTvVY7hw1LRGv9NR,10,0.000455,0.749,0.789,0.0,0.0446,-7.129,0.0912,0.353,107.999
6g0TAJ1grweRwBMLQyiZFb,7,0.723,0.779,0.597,4.47e-05,0.0508,-9.652,0.434,0.646,173.986
6gBFPUFcJLzWGx4lenP6h2,69,0.0847,0.841,0.728,0.0,0.149,-3.37,0.0484,0.43,130.049
7KOlJ92bu51cltsD9KU5I7,82,0.242,0.865,0.687,0.0,0.158,-3.744,0.217,0.486,139.023
4Q3N4Ct4zCuIHuZ65E3BD4,95,0.0576,0.497,0.489,9.91e-05,0.122,-7.724,0.294,0.231,171.853
5Ohxk2dO5COHF1krpoPigN,97,0.0275,0.516,0.595,0.0,0.109,-4.63,0.0313,0.222,119.972
21yRtB6B8EMounImAfHRCP,14,0.337,0.706,0.485,0.0,0.122,-9.671,0.331,0.144,115.414
4cxMGhkinTocPSVVKWIw0d,39,0.515,0.759,0.245,0.000154,0.102,-6.545,0.138,0.209,96.992
4n0xztUAbHPUV8G3NQvF30,44,0.208,0.501,0.836,0.0,0.152,-3.587,0.0491,0.618,159.863
4Az17HfqonKSWNsaLgTBeK,48,0.344,0.532,0.64,0.0,0.361,-6.684,0.0314,0.308,84.029
42ydLwx4i5V49RXHOozJZq,93,0.0285,0.573,0.739,0.0,0.111,-5.74,0.129,0.451,97.085
7floNISpH8VF4z4459Qo18,67,0.259,0.763,0.726,0.0,0.0976,-6.405,0.282,0.349,139.059
7AAnFzBtOlgoYceCQoLRUR,40,0.405,0.806,0.557,6.62e-06,0.0838,-6.633,0.114,0.504,140.011
6OzujJBXwYPxJ7KeqflLtr,33,0.819,0.64,0.196,3.63e-05,0.0978,-11.478,0.0267,0.301,143.919
1HOUzEsetdIPSpAgRPhZQt,9,0.0381,0.708,0.612,0.0,0.277,-6.379,0.122,0.263,139.913
6mapJIPnQ23RTAevUoE0DL,75,0.2,0.681,0.314,9.82e-06,0.1,-9.319,0.0581,0.166,139.992
2lFtnEmkIPm2ClN55e2chV,45,0.27,0.663,0.656,0.000279,0.117,-6.548,0.0413,0.56,120.037
5C6uh95eAL0RBTSGXKQwvk,45,0.263,0.505,0.79,0.0884,0.123,-5.442,0.035,0.445,155.934
6UjfByV1lDLW0SOVQA4NAi,72,0.0343,0.872,0.389,0.000679,0.0941,-8.343,0.0634,0.156,131.012
3ebXMykcMXOcLeJ9xZ17XH,25,0.0895,0.584,0.54,0.0,0.261,-7.786,0.0576,0.195,137.972
58zsLZPvfflaiIbNWoA22O,27,0.393,0.602,0.707,0.0,0.165,-4.097,0.302,0.554,75.09
15vzANxN8G9wWfwAJLLMCg,95,0.0243,0.646,0.644,0.0,0.0888,-6.763,0.031,0.251,99.999
3Jrs7cC2OJNlNSy9VnDOMZ,27,0.0356,0.735,0.588,0.0,0.107,-7.197,0.226,0.434,90.002
4qknM1pQz53QOyfDVTjcM9,18,0.193,0.74,0.879,8.25e-05,0.0928,-2.251,0.105,0.948,103.71
2rUwQj4SWaP2anuGDtNpYR,16,0.00304,0.932,0.702,1.87e-05,0.267,-3.459,0.0903,0.53,143.001
0OVhQZkNe7lh0fQeH96EFW,12,0.0148,0.88,0.495,1.47e-06,0.121,-3.476,0.0681,0.47,124.055
5GG3knKdxKWrNboRijxeKF,10,0.393,0.646,0.756,3.23e-05,0.202,-9.017,0.487,0.596,193.881
4IdAIZRVkwuQQnHpi529cn,3,0.205,0.652,0.663,0.0,0.105,-7.78,0.326,0.377,114.133
7A8OfzqXBHYGk61FZTHoeo,7,0.644,0.498,0.408,0.0,0.0993,-7.946,0.0331,0.383,78.942
6Wo5YxkdXgwzKQZbDg2r17,12,0.865,0.641,0.0628,4.08e-06,0.105,-14.155,0.0417,0.275,129.004
7DEgL4rErTwjrsxLMlUVhf,49,0.312,0.536,0.722,0.0,0.117,-4.163,0.0284,0.499,143.78
5oO3drDxtziYU2H1X23ZIp,96,0.0777,0.503,0.632,1.3e-05,0.0758,-4.854,0.0492,0.369,171.92
6yIdwnpDHufLWgQcveTPMk,99,0.0631,0.735,0.451,1.3e-05,0.325,-8.374,0.0585,0.0862,117.973
0SGkqnVQo9KPytSri1H6cF,95,0.105,0.77,0.567,0.0,0.125,-5.698,0.175,0.26,81.477
2sSgZkaAOIfkzNDhndiLvZ,37,0.048,0.52,0.811,1.61e-06,0.0736,-4.771,0.0431,0.683,82.012
4AtZRwSR8BOTTQg5ihSggt,29,0.0307,0.417,0.58,1.45e-06,0.179,-4.574,0.207,0.139,68.58
2WaOQWSv0D1tZNxyLvnGAI,36,0.231,0.589,0.809,0.0,0.0719,-5.292,0.0376,0.496,88.965
7cGFbx7MP0H23iHZTZpqMM,42,0.158,0.885,0.94,0.0,0.0675,-5.908,0.0909,0.77,110.005
6mORGLOz79w6VsCRLWYYuK,17,0.969,0.443,0.369,0.277,0.638,-9.514,0.0441,0.0989,174.107
0afhq8XCExXpqazXczTSve,48,0.0735,0.624,0.876,0.0,0.327,-3.374,0.1,0.781,99.943
0Fv5N0cHBsl4bzCbollCAS,63,0.0541,0.789,0.53,0.0,0.164,-6.2,0.293,0.367,75.515
0ZQfn5nh2TnVE6Q0AT8eXr,80,0.677,0.681,0.358,0.00411,0.124,-14.701,0.138,0.0682,113.402
1Lm8SfYEBmj1J8GdNUaGEI,100,0.86,0.774,0.172,0.301,0.1,-15.913,0.0924,0.675,113.075
2Gl0FzuLxflY6nPifJp5Dr,34,0.197,0.633,0.592,0.0,0.099,-7.245,0.112,0.679,90.066
4BHSjbYylfOH5WAGusDyni,69,0.576,0.67,0.7,5.34e-06,0.226,-7.893,0.196,0.648,69.986
5kRPPEWFJIMox5qIkQkiz5,8,0.746,0.427,0.262,0.0,0.068,-8.541,0.0276,0.228,104.085
0t47PyJgXmnUAK5obb0mM2,36,0.123,0.791,0.655,0.0,0.0839,-7.109,0.0417,0.48,97.998
6U4VqEHy4n5VeiH4pQPL24,36,0.278,0.782,0.751,0.0,0.0367,-7.023,0.28,0.688,135.277
0AS63m1wHv9n4VVRizK6Hc,86,0.125,0.555,0.662,0.0,0.111,-4.952,0.0827,0.356,148.128
2LTlO3NuNVN70lp2ZbVswF,66,0.137,0.746,0.798,0.0,0.139,-8.382,0.349,0.553,109.968
6IZvVAP7VPPnsGX6bvgkqg,64,0.0786,0.665,0.535,1.68e-05,0.154,-7.056,0.0572,0.37,138.842
06FCvd7rrRcF3DdvWH5Isp,59,0.193,0.678,0.562,0.0,0.104,-9.197,0.508,0.566,94.241
6ie2Bw3xLj2JcGowOlcMhb,82,0.0209,0.594,0.721,8.55e-06,0.0879,-7.812,0.0957,0.253,128.942
6mb6lVLNrcUgLnEN8QnDJd,60,0.603,0.576,0.319,0.0,0.173,-10.934,0.0518,0.0921,83.632
0w5Bdu51Ka25Pf3hojsKHh,11,0.00647,0.695,0.818,4.87e-06,0.0219,-5.379,0.0334,0.916,119.965
23luOrEVHMfoX0AhfbQuS6,51,0.604,0.588,0.479,7.2e-06,0.527,-7.039,0.281,0.434,150.414
223teZfu22Av10Xl9PxA2n,87,0.326,0.65,0.182,0.826,0.118,-22.168,0.0809,0.0525,138.969
5p3NP9mQblDsVJLdfNZJ3I,43,0.0347,0.706,0.557,0.0,0.276,-5.8,0.0813,0.205,132.98
6I6NX6tjGsxFAsIfGzY9lJ,94,0.361,0.653,0.409,0.00012,0.189,-11.446,0.421,0.187,174.324
1n4jwRVXdkK2U34nBDUKKT,47,0.142,0.357,0.238,0.0859,0.55,-16.78,0.265,0.494,156.907
7f08qp3HROTkfrtNpiYGGo,64,0.116,0.685,0.783,0.0,0.194,-4.152,0.0276,0.525,90.008
0y9uTzK9cNKSAEHnpeRG8C,38,0.0536,0.552,0.731,0.0,0.258,-6.873,0.615,0.632,174.516
2gYiCTytrSRtuaHP1Nac6u,43,0.225,0.548,0.898,0.0,0.1,-2.561,0.0459,0.599,145.953
343YBumqHu19cGoGARUTsd,93,0.108,0.927,0.488,0.0,0.196,-9.433,0.42,0.605,133.987
77hjM9bMmgfTGJXv14UFmi,60,0.0231,0.392,0.825,2.25e-06,0.0972,-2.068,0.0535,0.482,98.959
05KOgYg8PGeJyyWBPi5ja8,83,0.0621,0.617,0.492,0.0,0.484,-7.588,0.448,0.208,141.953
0PNiEcV45g2TVpNlfYZz7H,34,0.0551,0.611,0.886,1.1e-06,0.247,-4.673,0.0343,0.27,112.988
0wfbD5rAksdXUzRvMfM3x5,23,0.238,0.76,0.303,8.09e-06,0.294,-11.362,0.0284,0.15,99.991
4GkkxswcdEt1tkSyiRzgnC,55,0.000668,0.804,0.456,0.0,0.31,-7.44,0.0468,0.165,130.014
2XlHu0HcujBCkWMdIAvrqt,63,0.0521,0.724,0.548,7.4e-06,0.104,-8.062,0.0497,0.392,98.017
4JjIIBNoho0V2gZjH4nEzR,47,0.124,0.521,0.805,0.000219,0.33,-4.481,0.0289,0.527,141.967
6n3HGiq4v35D6eFOSwqYuo,66,0.11,0.768,0.282,0.0208,0.113,-10.348,0.0863,0.175,97.043
2flWhcGYxQHhb1EeeU2dOL,9,0.00541,0.529,0.8,0.0,0.104,-3.726,0.031,0.687,100.035
7dZ1Odmx9jWIweQSatnRqo,97,0.437,0.665,0.424,0.0,0.107,-7.838,0.0444,0.134,129.911
4vb4mFvYsr2h6enhjJsq9Y,75,0.0189,0.596,0.838,1.54e-05,0.108,-6.52,0.0704,0.472,94.982
4ckQIgBy1gVeevf7UAereE,26,0.861,0.425,0.372,0.0148,0.0733,-10.92,0.03,0.292,79.456
1zayuwd1YLZsYDArkruHdL,79,0.501,0.672,0.434,0.000125,0.272,-15.218,0.765,0.54,129.209
13e6f8t7RKXuxZ0JdaaJRG,52,0.755,0.719,0.354,0.00969,0.349,-10.461,0.104,0.205,123.152
76gUmNLXGQVOsGhfcshkFP,50,0.235,0.834,0.527,0.00968,0.632,-10.4,0.193,0.319,105.86
2KvHC9z14GSl4YpkNMX384,41,0.234,0.787,0.69,0.0,0.112,-6.206,0.404,0.465,171.029
5f5r2N4Lp9WoULWPH9zp2W,19,0.0111,0.636,0.568,0.0,0.117,-8.441,0.419,0.438,82.495
4F7A0DXBrmUAkp32uenhZt,85,0.188,0.572,0.631,2.31e-05,0.259,-8.389,0.104,0.219,77.519
6MbH1QiphMCPTqVEVC7UYi,40,0.379,0.76,0.227,0.0017,0.355,-8.327,0.15,0.279,96.912
2Na0z2gfN67Rzf0vp74Wi3,37,0.736,0.519,0.576,0.0,0.371,-9.162,0.414,0.373,87.983
2dfqS3MRtbLZSZA1IL8xY5,25,0.0117,0.801,0.813,3.79e-06,0.157,-6.404,0.23,0.403,129.962
6i0V12jOa3mr6uu4WYhUBr,99,0.0841,0.732,0.396,3.58e-05,0.105,-9.348,0.0286,0.548,90.024
5hTpBe8h35rJ67eAWHQsJx,90,0.17,0.941,0.335,0.0,0.262,-10.179,0.505,0.707,120.041
0j8zLbIueSkVqB3Tl6PsjA,40,0.753,0.764,0.473,0.306,0.171,-11.084,0.0882,0.212,106.14
23TxRN09aR1RB0G0tFoT0b,67,0.112,0.514,0.836,0.0,0.0878,-3.663,0.0381,0.501,143.888
6Nle9hKrkL1wQpwNfEkxjh,29,0.874,0.776,0.503,0.0,0.112,-5.732,0.237,0.473,110.134
6Kkt27YmFyIFrcX3QXFi2o,23,0.92,0.587,0.229,0.0,0.1,-11.254,0.128,0.379,75.67
1FUViuNSldssMIawrOXF2i,58,0.0504,0.609,0.887,4.76e-06,0.09,-4.749,0.0507,0.316,97.99
51ChrwmUPDJvedPQnIU8Ls,52,0.355,0.761,0.386,0.0,0.0953,-6.158,0.0399,0.526,134.943
1IO13V09b01gLSbmZJZ9dM,34,0.539,0.347,0.632,0.00226,0.121,-6.998,0.0381,0.285,74.257
2xbI8Vmyv3TkpTdywpPyNw,50,0.114,0.638,0.6,0.0,0.187,-5.84,0.0438,0.0399,101.981
2RttW7RAu5nOAfq6YFvApB,42,0.536,0.522,0.385,0.0,0.135,-7.355,0.0288,0.236,89.792
1CnPYaKxTVb4LWOtiGOm0m,85,0.0584,0.617,0.567,0.0,0.0933,-4.188,0.0828,0.505,90.246
5HDPtsnyb3maFmPL8LLUTG,29,0.0559,0.78,0.745,0.0,0.0595,-3.97,0.145,0.862,94.026
4VuS959DSpr82t3qBqCrWG,26,0.914,0.589,0.242,0.0,0.0887,-10.517,0.0442,0.257,89.749
2pJZ1v8HezrAoZ0Fhzby92,18,0.251,0.838,0.492,0.0,0.262,-5.69,0.038,0.895,115.092
6PJ8FF6UR8FZXfEvpHkIVN,60,0.424,0.617,0.439,0.0,0.127,-5.63,0.0269,0.242,139.979
7oolFzHipTMg2nL7shhdz2,11,0.086,0.64,0.812,0.0,0.0509,-5.647,0.0834,0.914,86.013
2dfHh7ECGxfNqZTQno09Vk,8,0.719,0.604,0.366,0.0,0.162,-7.881,0.0267,0.181,105.177
3Lfiu5sZ4M4B6JaKMBc0FU,5,0.448,0.747,0.76,0.0,0.153,-4.294,0.187,0.682,99.975
1nIyZKYmUsbEowiizbyr2Q,56,0.142,0.696,0.641,0.0,0.132,-5.807,0.0261,0.664,101.981
5sjIhQzNljMVrDklI91ezp,59,0.0158,0.552,0.893,0.0,0.105,-4.593,0.0383,0.777,163.948
3QGsuHI8jO1Rx4JWLUh9jd,95,0.106,0.444,0.819,0.0,0.107,-4.078,0.341,0.747,82.695
1r6cyaW7yMykwSyxTuwcuM,29,0.0471,0.981,0.417,0.359,0.103,-10.732,0.134,0.262,122.044
2Kerz9H9IejzeIpjhDJoYG,57,0.487,0.527,0.366,0.0023,0.11,-10.943,0.0277,0.234,98.994
6nxQdXa1uAL0rY72wPZu89,78,0.591,0.488,0.762,0.0,0.0763,-3.842,0.0865,0.709,123.889
4STaHtfguDMkWbPEo6Fwcx,19,0.0253,0.598,0.496,0.00132,0.12,-9.309,0.0804,0.725,128.06
0qvzXomUDJVaUboy2wMfiS,81,0.72,0.678,0.401,0.0,0.118,-8.408,0.0312,0.194,111.855
5W9QCBJ6Em0XWX333YrNhc,47,0.0331,0.694,0.493,2.04e-06,0.431,-8.581,0.373,0.313,166.457
0Xm8tw6qikotb8FAOZ2ks7,33,0.106,0.69,0.663,0.0,0.0659,-5.248,0.0352,0.285,122.041
7pxhKtuTwofDIdgHx2DcVK,46,0.054,0.651,0.808,0.0,0.0482,-4.731,0.0435,0.858,100.993
4XaW4jIud5YxwV4QRJOb40,10,0.423,0.816,0.414,0.0,0.125,-7.953,0.119,0.197,150.008
2BOqDYLOJBiMOXShCV1neZ,8,0.839,0.682,0.173,3.26e-05,0.0983,-8.749,0.0314,0.236,112.663
2IG6Te7JyvrtqhFeOF7le4,2,0.0145,0.852,0.438,0.0,0.263,-7.673,0.426,0.627,150.945
4S6fv0puLCsfYjyBTPDb9k,30,0.51,0.435,0.401,0.0,0.077,-6.721,0.0301,0.133,136.837
6BdAwMv1YorLfkBWlE493X,24,0.659,0.799,0.655,0.0,0.135,-6.34,0.0485,0.82,128.038
0y1QJc3SJVPKJ1OvFmFqe6,47,0.579,0.489,0.505,0.000333,0.104,-8.022,0.117,0.337,163.255
78AucGxdmVa4Bx6HwDPOS4,17,0.153,0.517,0.61,0.0,0.416,-6.373,0.372,0.163,135.498
1XazlqB4YAtvouCmJPWXlM,55,0.114,0.518,0.686,0.0,0.114,-4.911,0.0313,0.334,144.065
7BiELrM90hRxpozaIXbsLw,18,0.292,0.614,0.541,0.0,0.106,-5.659,0.0407,0.394,112.013
4x3XzqDLZbRF7Ap6MIaJ9a,99,0.0034,0.693,0.924,4.4e-05,0.0926,-3.711,0.0392,0.715,118.983
7j56HrjR9cGzvekvZY3Faz,48,0.00609,0.636,0.836,0.000157,0.0828,-3.004,0.0427,0.715,139.956
4atJ40xfasjdM9ZF3p07BV,27,0.36,0.529,0.809,0.0,0.242,-6.554,0.269,0.136,125.285
1jQsKN68yE94tMYml0wHMd,25,0.147,0.745,0.714,0.0,0.132,-6.729,0.0768,0.554,136.972
1u0MOgWF1bbylVxpJG2ZjB,15,0.388,0.611,0.611,0.0,0.113,-8.751,0.143,0.38,142.187
7wMPhUSe6CZga1vOMpLTJP,14,0.126,0.489,0.54,0.0,0.103,-7.046,0.0288,0.27,81.4
58spuRyMUsjKHQHEGwLC99,27,0.0665,0.485,0.834,0.0,0.28,-5.413,0.0715,0.659,90.933
5qi7piHIt9zwTYYBnIvfNZ,30,0.0143,0.743,0.651,0.0,0.079,-5.974,0.0646,0.467,82.022
2CxmktXqJwP9KZv6WJtZCm,77,0.617,0.69,0.416,1.37e-06,0.102,-7.865,0.0335,0.479,82.45
0jOfl1nZf6sVBTG08Q4brn,39,0.0962,0.852,0.727,0.0,0.154,-4.851,0.267,0.496,130.014
76Y0gxtTxN0FyDCYh5qYQj,29,0.0646,0.95,0.743,1.19e-05,0.103,-5.861,0.238,0.62,136.98
1LZNdHSaGjV2S9q8BrZwnh,21,0.0252,0.528,0.928,2.88e-06,0.0467,-5.743,0.0456,0.885,162.069
5qRRiqndqXaq2QBudIrkYU,53,0.0595,0.456,0.874,1.12e-05,0.111,-4.129,0.114,0.5,200.179
5NDUXbMwcnTQp66tI2zcdR,42,0.548,0.828,0.56,3.66e-05,0.15,-6.685,0.0327,0.872,122.054
3MEYFivt6bilQ9q9mFWZ4g,41,0.0241,0.631,0.953,0.0155,0.108,-3.739,0.0343,0.422,141.99
0oiCeOPwm4zhwfyIpAE37y,48,0.623,0.718,0.583,0.000662,0.0612,-7.884,0.0288,0.422,119.97
7px4t7HGiuMUvFkEOpZEwp,42,0.125,0.497,0.805,0.0,0.167,-3.995,0.0332,0.696,166.048
6HEIBHUirx1J0JkUD24szt,21,0.66,0.8,0.297,0.000111,0.105,-13.1,0.407,0.213,140.051
2ANLarE8yHVsLWW21nj79M,61,0.069,0.843,0.359,0.0,0.12,-7.417,0.461,0.156,81.987
23L5CiUhw2jV1OIMwthR3S,77,0.109,0.501,0.519,0.0,0.454,-5.88,0.0409,0.168,133.99
57IT5XRc5ImuTqxwrFZFdd,24,0.00346,0.547,0.734,4.62e-05,0.136,-6.991,0.0654,0.42,131.994
3cqZH3cqvfbV8wVbvHyPbG,27,0.00908,0.703,0.709,0.0,0.127,-6.452,0.402,0.569,140.998
0utlOiJy2weVl9WTkcEWHy,88,0.358,0.894,0.284,0.000487,0.11,-13.002,0.33,0.413,138.944
5jROdl6MhcmP3O7h2sVgtw,23,0.00967,0.642,0.762,5.72e-05,0.182,-7.411,0.0296,0.605,113.038
2lswu6PLGLtvqemWSnrrY5,49,0.0109,0.736,0.563,0.0491,0.745,-12.141,0.0386,0.398,115.025
0ESJlaM8CE1jRWaNtwSNj8,11,0.24,0.743,0.571,0.0,0.291,-6.054,0.145,0.495,119.054
0D21XvHcVsIvJM6FcGY2BT,82,0.533,0.64,0.819,0.0,0.156,-4.108,0.455,0.623,166.012
7Ad0OLsUn63FoD4gnguZz5,54,0.0169,0.626,0.707,0.0,0.0769,-5.755,0.0425,0.653,88.543
6myp8eBOKdeaJm2g8YsOZz,12,0.855,0.417,0.394,0.0,0.0971,-9.412,0.0513,0.125,138.525
6AGON2BGdPmPMJGiiNuuwl,90,0.435,0.713,0.419,2.87e-06,0.126,-10.668,0.356,0.253,91.634
3pndPhlQWjuSoXhcIIdBjv,18,0.484,0.71,0.404,0.0,0.0953,-10.04,0.379,0.398,139.553
7lGKEWMXVWWTt3X71Bv44I,81,0.178,0.389,0.665,0.000732,0.116,-6.169,0.0644,0.199,117.055
2ZekuYUoEIBrUwHOY0gcgB,31,0.312,0.578,0.825,1.4e-05,0.0912,-4.693,0.0331,0.654,93.035
550rQQCGkrTzvp4SfpOPzx,78,0.454,0.321,0.377,0.0,0.338,-7.385,0.0361,0.367,119.483
7gcMKL3lnDxsp4bIXyv6Zk,13,0.076,0.899,0.626,0.0,0.0631,-4.228,0.292,0.873,88.007
59eAcAyhYSLi5GKFrgHJzG,100,0.00556,0.915,0.498,0.000116,0.067,-10.435,0.102,0.555,95.852
34oWbFBfGEElvgO0a5c9V4,6,0.0673,0.943,0.595,0.0,0.0839,-8.372,0.191,0.815,117.532
6ATgDc6e4sPn84hvJsAmPt,2,0.71,0.401,0.398,0.0,0.0962,-8.993,0.183,0.265,180.293
4z8sz6E4YyFuEkv5o7IJni,75,0.302,0.497,0.312,0.0,0.0968,-9.088,0.0269,0.177,105.036
3pjUyVbFmM96tYhSaKJwTt,80,0.642,0.58,0.519,0.00116,0.0936,-10.653,0.251,0.242,107.401
0HtOJj7Kl74s1Ngf3MWeif,79,0.776,0.435,0.202,0.0976,0.245,-15.097,0.0702,0.0429,139.574
2z3joGXrdGL2iEjIKQTiN1,77,0.789,0.857,0.378,0.000171,0.119,-8.371,0.0928,0.626,119.976
3MWlVSkoLS1e66nlZ2tuWJ,78,0.471,0.652,0.407,0.0,0.294,-11.028,0.0354,0.169,111.65
4mU5iXHeLgbR94siF7p1sY,67,0.129,0.772,0.504,0.0,0.125,-8.219,0.0761,0.244,140.035
77IAeEz8LEchPN8UNjaTJ2,71,0.218,0.713,0.496,0.000237,0.0761,-10.045,0.311,0.6,162.039
1vvnYpYEMVB4aq9I6tHIEB,72,0.378,0.704,0.481,7.09e-05,0.0874,-10.493,0.363,0.494,78.628
0eneujAc4PxkdjP25Gsue1,47,0.698,0.73,0.747,1.63e-05,0.152,-9.496,0.324,0.751,90.039
1wIQtB3UQ1TfjNMZZqO6eh,44,0.3,0.617,0.686,1.36e-05,0.105,-9.858,0.245,0.544,79.252
7lOkmIpzOEOufmOQbLlaHW,34,0.202,0.683,0.324,0.000132,0.11,-9.735,0.0331,0.324,117.746
2Ch7LmS7r2Gy2kc64wv3Bz,58,0.111,0.586,0.525,0.0,0.134,-7.163,0.0615,0.508,133.629
2Z8WuEywRWYTKe1NybPQEW,96,0.00835,0.645,0.713,0.0,0.113,-5.355,0.0393,0.566,74.989
4pAl7FkDMNBsjykPXo91B3,94,0.0947,0.699,0.325,0.0,0.086,-8.112,0.228,0.273,110.786
3NJG6vMH1ZsectZkocMEm0,67,0.174,0.602,0.725,0.0,0.0786,-3.054,0.0393,0.304,122.803
00NAQYOP4AmWR549nnYJZu,54,0.0155,0.665,0.771,9.6e-06,0.46,-5.779,0.0533,0.764,109.945
31tf1qEai5o5f4r66Kd0pU,33,0.0116,0.534,0.433,0.0452,0.0667,-12.628,0.0357,0.235,117.834
1oGdVdYjeQvojGKDddxLQQ,53,0.284,0.624,0.424,0.0,0.173,-8.237,0.24,0.584,76.669
38gZVjeaeR3gcnCzziAxBm,55,0.0972,0.531,0.746,0.0,0.102,-4.228,0.0329,0.304,139.788
0DnWCEOjCm7AJdmPyuoeJz,57,0.983,0.699,0.186,0.888,0.0784,-18.446,0.0696,0.479,112.998
2ACOWPLUe4A4KuQ5ioD2od,28,0.0358,0.596,0.851,3.19e-05,0.365,-4.245,0.121,0.612,202.049
4oeaIftdpT3JuZLcCkKmVE,46,0.0324,0.518,0.676,3.62e-05,0.189,-6.373,0.0744,0.197,173.998
6pDVjCUA3B1vg9waKutAsv,34,0.682,0.671,0.428,0.0002,0.121,-7.054,0.124,0.36,148.041
15k2nBQJ0teDmPZHrOXL2N,29,0.0276,0.544,0.586,0.0,0.0961,-7.486,0.0794,0.361,149.882
57qiTKh8bVX0VtfUNTQqhw,33,0.064,0.599,0.635,0.0,0.0878,-8.101,0.0679,0.194,109.919
0ifooM33X1iBxVYyOkSbXW,32,0.0431,0.853,0.663,8.65e-06,0.0891,-6.955,0.0755,0.864,113.999
27BgDmciSjoxTG0almHTpZ,30,0.0519,0.711,0.807,0.0,0.214,-5.053,0.0608,0.699,116.971
2wSQyp6VzUopSFBinRo1iD,16,0.0266,0.66,0.698,0.0,0.296,-6.266,0.0467,0.396,120.959
5yxpevLrtCyza67wiwSVsH,49,0.0386,0.482,0.823,3.69e-05,0.0948,-4.446,0.0661,0.451,167.665
2IGr3q6ljcpLvHDFLtI0yW,29,0.0552,0.786,0.583,1.84e-06,0.326,-7.415,0.0393,0.229,120.024
3cCxoOgfi6hgt8MNteuiiD,54,0.1,0.756,0.766,0.0,0.313,-5.793,0.088,0.288,105.986
6ZSO7kPn8IMJFymyticbJO,88,0.615,0.6,0.412,0.0025,0.134,-9.343,0.344,0.408,113.049
5YEOzOojehCqxGQCcQiyR4,100,0.0231,0.576,0.777,0.0,0.366,-5.035,0.458,0.259,145.2
16Ah4QqH4mgYVXqfC4mdSd,82,0.0108,0.539,0.528,0.0,0.117,-8.113,0.252,0.252,190.169
1vvNmPOiUuyCbgWmtc6yfm,77,0.0935,0.819,0.913,3.72e-05,0.161,-3.059,0.0427,0.536,119.989
0ADG9OgdVTL7fgREP75BrZ,25,0.00778,0.576,0.782,0.0,0.285,-4.825,0.0296,0.355,141.153
6qoH2pKeEibNUG1pnJIjmZ,51,0.00873,0.569,0.946,0.0,0.0903,-0.698,0.0808,0.778,103.991
4Qtw0HNKSbIRT5sWUnbRXc,54,0.101,0.568,0.562,6.16e-05,0.363,-7.775,0.0418,0.247,133.647
4zW7Titqo6iTdhtIl8T3RG,24,0.046,0.876,0.537,0.0146,0.0707,-6.384,0.0583,0.877,136.192
01xhMrdCefADl7HSttJaf7,4,0.293,0.637,0.862,0.0,0.217,-4.343,0.191,0.573,82.019
4BHzQ9C00ceJxfG16AlNWb,93,0.0415,0.69,0.524,3.16e-06,0.17,-8.39,0.103,0.562,164.023
7yzbimr8WVyAtBX3Eg6UL9,42,0.715,0.28,0.344,0.00642,0.133,-12.577,0.0293,0.232,171.143
3wUX7HpXS382s1DHTRouVk,24,0.00909,0.71,0.805,0.0,0.141,-5.471,0.0637,0.897,92.601
0iA1unTbTbDOWUSlbwJ1pS,57,0.083,0.503,0.824,0.0,0.21,-4.039,0.0524,0.448,161.981
1pwo8l3Ko7idwaz4LVUEC4,32,0.0239,0.773,0.747,8.23e-06,0.11,-4.061,0.0889,0.8,126.014
0Mlm5SrNK34Jqn8Rk1Gs3g,73,0.141,0.657,0.739,0.0,0.178,-4.081,0.274,0.543,181.994
0B8QzDH7YWih85V5SEMnyJ,47,0.0541,0.795,0.568,0.0,0.108,-7.817,0.142,0.478,136.173
6pyshZbArprWRBXLbYVPO9,49,0.0356,0.505,0.903,0.0,0.127,-3.699,0.037,0.491,88.986
46IdjlVO3EmaMqooXZ1Hcu,35,0.07,0.923,0.599,1.23e-06,0.0951,-4.888,0.238,0.667,138.024
0rzNMzZsubFcXSEh7dnem7,88,0.745,0.524,0.397,0.0,0.521,-11.936,0.405,0.552,80.744
1W7zkKgRv9mrLbfdQ8XyH3,60,0.111,0.439,0.447,0.0,0.303,-8.318,0.0436,0.11,121.48
3RiPr603aXAoi4GHyXx0uy,76,0.255,0.49,0.743,7.21e-06,0.3,-5.155,0.0409,0.363,89.974
3m62bJJXGyQKdR9XyRocnl,28,0.329,0.46,0.832,0.0,0.127,-2.628,0.232,0.358,86.35
0bLwBXrMd3z96utPHeuQDK,26,0.0175,0.781,0.764,0.0,0.102,-3.252,0.164,0.352,146.03
7Gs3otHnZDq514kFHf0nx7,8,0.665,0.515,0.431,0.0,0.147,-8.251,0.257,0.184,141.392
7lidCG4c4lX6hIRXt0MKVA,4,0.0609,0.647,0.59,0.0,0.381,-9.931,0.247,0.415,92.275
3tJ4y2Zqx6gM9xOAuFfsSF,17,0.313,0.674,0.694,7.17e-06,0.0752,-7.076,0.109,0.203,101.993
2meEiZKWkiN28gITzFwQo5,88,0.0162,0.623,0.734,1.9e-06,0.145,-5.95,0.107,0.372,107.853
3O8NlPh2LByMU9lSRSHedm,85,0.0873,0.545,0.478,0.0,0.114,-11.066,0.287,0.317,92.326
6Az2Ll2CPnWYQ2BgiHf4Di,35,0.102,0.666,0.89,0.0,0.11,-5.686,0.15,0.932,149.935
56ZrTFkANjeAMiS14njg4E,86,0.00138,0.625,0.855,0.0,0.357,-5.471,0.0389,0.668,124.977
6Dwtha2FtZFoMEBh5GR2sq,16,0.226,0.827,0.702,5.04e-05,0.158,-7.264,0.267,0.694,130.02
7kJlTKjNZVT26iwiDUVhRm,29,0.0188,0.654,0.796,0.0,0.0948,-4.761,0.122,0.491,108.854
4WtkYdCG4n80h08Ep5SmDI,41,0.111,0.512,0.545,0.00177,0.135,-10.154,0.0294,0.346,83.94
4pu6lPTEoBRw8mnul2XF5C,91,0.866,0.548,0.151,0.23,0.139,-14.268,0.04,0.288,139.021
4KW1lqgSr8TKrvBII0Brf8,64,0.142,0.714,0.566,1.25e-06,0.57,-4.408,0.056,0.449,113.074
2wqXQjOmQ9KoBm9Ssgt4Fo,66,0.0284,0.514,0.659,0.0,0.266,-6.142,0.0309,0.463,76.483
5mQNY6pTeSDl2doFB7uLbE,5,0.0185,0.591,0.73,0.0,0.333,-6.179,0.0422,0.209,99.943
48EjSdYh8wz2gBxxqzrsLe,27,0.408,0.719,0.615,0.000147,0.235,-5.972,0.045,0.465,96.988
0xwPzLmBAYro8BUz7MrtAo,56,0.158,0.614,0.472,0.0,0.111,-6.626,0.0297,0.168,146.005
2DHWM8Bm4zuzuH7UOXscJw,7,0.00148,0.369,0.702,0.0,0.217,-4.155,0.154,0.285,180.947
7zzoxJbgjme3366mOp5UnH,97,0.618,0.636,0.319,1.7e-06,0.125,-10.065,0.0718,0.378,74.109
0BCy325UZyR9z0t0uxwn2N,87,0.385,0.525,0.685,0.0,0.0731,-3.954,0.0351,0.54,78.003
5ArQzSBevAdXTxRY6Ulhbq,65,0.0447,0.712,0.799,6.4e-05,0.37,-4.564,0.0703,0.591,83.996
3KwwE4sgCzMaKWq6QBebmX,88,0.0962,0.934,0.694,1.2e-06,0.478,-5.849,0.101,0.835,123.829
2GICtNjlmq5w1XIQ9s0D9y,28,0.317,0.781,0.588,0.0,0.0983,-5.348,0.0386,0.564,93.979
1TGJxtVHgPHKVt6K7sPn1T,22,0.0028,0.608,0.841,0.0,0.0834,-3.626,0.028,0.917,106.004
5kqIPrATaCc2LqxVWzQGbk,99,0.287,0.765,0.473,0.0,0.391,-5.829,0.0514,0.34,119.992
19W5OTEcQI3ZoRW1HERMyy,10,0.281,0.652,0.295,1.03e-05,0.0809,-11.045,0.0477,0.196,75.065
4jK1VQQGDnNOLfyVXCxGsR,47,0.0298,0.563,0.414,0.0,0.0854,-11.409,0.37,0.446,193.549
6DaE3A1uIvDqVrVSNvUy6B,30,0.388,0.644,0.601,0.0,0.0884,-5.097,0.0496,0.518,133.946
3CRDbSIZ4r5MsZ0YwxuEkn,99,0.0462,0.734,0.637,2.29e-05,0.0602,-5.677,0.141,0.648,169.977
27PmvZoffODNFW2p7ehZTQ,93,0.0235,0.464,0.771,0.0,0.063,-4.503,0.336,0.69,158.777
1CwNogTShsnsn1C8UhRmYX,90,0.0397,0.546,0.645,0.0,0.107,-6.4,0.0527,0.457,101.578
3JffB4CABj9lA0NC63kbCp,40,0.326,0.616,0.697,2.18e-05,0.0827,-5.952,0.0295,0.68,148.93
3NxAG2ni1lLa8RKL6a0INc,52,0.0145,0.739,0.472,7.27e-06,0.207,-11.204,0.156,0.289,80.03
0O1x2tRm8ZpfDbcpOWZp7z,46,0.0457,0.529,0.891,0.0,0.0942,-4.36,0.043,0.329,104.031
0lnIJmgcUpEpe4AZACjayW,90,0.00175,0.775,0.598,4.44e-06,0.253,-7.274,0.0535,0.356,129.988
0lQJBl9YEsoMtE8D4yTE9g,53,0.333,0.281,0.58,0.0,0.122,-5.967,0.0323,0.282,151.568
7KxhSJOYiqCDclXDBNlFSZ,62,0.00795,0.757,0.884,5.87e-05,0.0973,-5.488,0.0404,0.398,120.012
19a3JfW8BQwqHWUMbcqSx8,67,0.0602,0.474,0.741,0.0,0.115,-3.69,0.111,0.402,174.1
76hfruVvmfQbw0eYn1nmeC,92,0.156,0.774,0.765,0.0,0.0373,-5.439,0.0502,0.917,119.001
6BbINUfGabVyiNFJpQXn3x,60,0.00191,0.718,0.679,0.0104,0.385,-5.899,0.0706,0.205,157.97
55OdqrG8WLmsYyY1jijD9b,14,0.124,0.863,0.576,0.0,0.143,-5.687,0.239,0.832,132.054
5fSPbm5lcwtqwXkeQQswW8,57,0.205,0.589,0.641,0.0,0.0864,-8.12,0.0838,0.57,160.031
67citk3uzWs5qbaIVKTeg8,58,0.226,0.575,0.844,0.0,0.0538,-1.772,0.0633,0.542,87.007
50kpGaPAhYJ3sGmk6vplg0,100,0.856,0.607,0.376,0.0,0.285,-9.954,0.453,0.545,102.541
19YKaevk2bce4odJkP5L22,22,0.695,0.543,0.394,0.000239,0.108,-9.637,0.0864,0.118,137.811
2ZWlPOoWh0626oTaHrnl2a,21,0.782,0.567,0.388,0.000309,0.248,-9.579,0.0384,0.452,116.362
3xKsf9qdS1CyvXSMEid6g8,17,0.67,0.544,0.552,4.57e-05,0.415,-7.45,0.0991,0.554,159.738
35xSkNIXi504fcEwz9USRB,5,0.849,0.444,0.287,2.82e-06,0.161,-10.631,0.0375,0.246,124.027
7eqoqGkKwgOaWNNHx90uEZ,3,0.42,0.466,0.548,1.01e-06,0.113,-9.362,0.118,0.423,89.815
7zBPzAjKAqQpcv8F8GCq5s,50,0.0542,0.779,0.455,0.0,0.177,-15.025,0.28,0.197,140.181
6iaJUPHLONFJ02RTeaMuy8,29,0.0657,0.44,0.666,0.0,0.197,-4.82,0.193,0.544,82.922
6gXuwld0PRtinePSXV2Vn1,36,0.0951,0.532,0.883,0.0,0.304,-2.743,0.0352,0.7,99.995
7ciLq0Cip0yxiz6KANrOUq,57,0.133,0.558,0.801,0.0,0.392,-5.795,0.131,0.831,105.006
5aPGxR67OwJmu1eEsErW5e,58,0.0489,0.567,0.839,0.0,0.103,-4.048,0.0698,0.903,160.062
5PNcJn4oFNvlRfrZBHfqWh,5,0.161,0.634,0.78,0.0,0.112,-4.928,0.0477,0.93,101.066
0gb1J5UrTpzaU1s3nupgCd,13,0.0282,0.671,0.916,0.00762,0.24,-4.014,0.0397,0.803,126.01
7c46IFYepx7IcebqEp0GHM,50,0.0621,0.625,0.825,0.0,0.0753,-5.758,0.0481,0.341,100.004
3nnG7AM9QopHVPEuLX3Khk,85,0.818,0.546,0.311,1.65e-05,0.107,-10.396,0.0288,0.246,147.464
09CtPGIpYB4BrO8qb1RGsF,100,0.0865,0.605,0.768,0.0,0.308,-3.724,0.0476,0.414,100.209
4ly1QBXEwYoDmje9rmEgC4,50,0.0661,0.557,0.676,0.0,0.0871,-4.457,0.027,0.678,108.016
2YSbHu9XF4bNYWt3MnIhgE,37,0.175,0.386,0.562,9.17e-06,0.209,-4.363,0.03,0.228,72.945
6BOtDFg6GJm0rPUDuNmx57,51,0.172,0.647,0.673,0.0,0.223,-5.992,0.176,0.527,179.971
0dbzWSYpMcRtwjI1S7Pkql,64,0.125,0.546,0.805,9.27e-06,0.148,-4.251,0.0348,0.387,77.029
6Knv6wdA0luoMUuuoYi2i1,97,0.0215,0.688,0.702,0.0,0.128,-4.792,0.0499,0.74,94.006
7l94dyN2hX9c6wWcZQuOGJ,93,0.0529,0.662,0.602,0.0,0.356,-5.369,0.0401,0.29,133.969
1rIKgCH4H52lrvDcz50hS8,26,0.133,0.694,0.712,0.0,0.211,-3.923,0.046,0.799,98.022
3IpG4SvqxHmbZslvDSIIZP,19,0.0026,0.555,0.933,0.0,0.122,-5.04,0.113,0.421,144.874
46jLy47W8rkf8rEX04gMKB,46,0.0915,0.552,0.689,0.0,0.27,-6.444,0.0425,0.349,99.961
4h0zU3O9R5xzuTmNO7dNDU,77,0.965,0.71,0.0565,0.0,0.0889,-15.099,0.0534,0.348,123.994
3Z7mlFcLRRA4CYJOF8XVhn,33,0.988,0.882,0.145,0.959,0.111,-13.821,0.211,0.78,77.99
7xrA11O07xo57Bbg6p4hck,17,0.00589,0.63,0.74,1.53e-06,0.248,-4.786,0.0381,0.3,87.01
0l0CvurVUrr2w3Jj1hOVFc,98,0.0125,0.557,0.801,1.66e-06,0.737,-3.602,0.218,0.654,92.135
3osQ5lSSqZb8HWRozdbVPw,67,0.00538,0.773,0.706,0.0148,0.0208,-5.709,0.0999,0.693,160.912
5y2pNuAvWcPKiORZ12e44S,20,0.243,0.54,0.776,0.0,0.378,-4.155,0.043,0.784,164.046
5NORWMFC27ywGSZxi8uquP,35,0.595,0.663,0.582,0.00021,0.0849,-6.451,0.0284,0.59,76.047
0PDUDa38GO8lMxLCRc4lL1,100,0.117,0.584,0.7,0.0,0.0939,-4.275,0.0456,0.438,124.944
6jaywaMM3ieLkZxPSFyS9C,60,0.0339,0.637,0.869,0.0,0.0198,-5.363,0.039,0.746,95.969
0XN2BcoaKE4Z2hnq1ZeDY1,29,0.0095,0.58,0.799,0.0,0.0925,-4.146,0.028,0.583,109.965
1N7qGCKRRnvjoy8MGyHgpS,65,0.356,0.613,0.667,1.29e-05,0.111,-6.874,0.029,0.481,130.023
44TuSOP6xIAEeJmZsN3nXO,16,0.00575,0.502,0.966,1.56e-06,0.117,-3.876,0.0946,0.638,159.948
0PJIbOdMs3bd5AT8liULMQ,82,0.192,0.715,0.703,0.0,0.113,-3.825,0.0503,0.596,119.749
0PAj9Y5kFEzhGeWkockoxv,51,0.02,0.741,0.626,0.0,0.0828,-4.826,0.0886,0.706,108.029
1Cj2vqUwlJVG27gJrun92y,59,0.468,0.322,0.28,1.1e-06,0.102,-9.367,0.0281,0.175,85.794
433P7tDcIAi6NLnf4Sh6tI,61,0.0237,0.836,0.439,0.0,0.617,-9.628,0.148,0.241,133.937
5NFYuqu8V6QXc6mzcLImd6,68,0.0244,0.789,0.608,0.0,0.368,-8.288,0.189,0.271,129.958
2c8sgbZoEanC3QyFNZxUcA,1,0.0581,0.772,0.701,0.00159,0.106,-6.605,0.0724,0.69,159.954
10I3CmmwT0BkOVhduDy53o,55,0.00427,0.762,0.666,0.0,0.127,-6.055,0.0916,0.278,118.97
1N3dZ7TTWO6VcD4Y3hHYLZ,38,0.0257,0.705,0.609,0.0,0.0846,-4.897,0.0307,0.476,115.474
2nBI3iWLhupR7LyAJ5GGkE,30,0.0661,0.695,0.777,0.0,0.874,-2.452,0.0817,0.36,135.01
2oaK4JLVnmRGIO9ytBE1bt,34,0.0722,0.7,0.742,0.0199,0.11,-6.777,0.0716,0.197,91.959
0wdKiSBUT7aZkXUIdJWcwC,84,0.157,0.895,0.681,0.0,0.189,-5.267,0.358,0.554,121.918
4Pn0JlCUusD2QHjADuOzuV,71,0.679,0.355,0.48,2.28e-06,0.12,-7.31,0.0282,0.137,100.956
7IYU41rxDOremaBZi0vEMn,15,0.716,0.514,0.414,0.0,0.216,-7.367,0.0293,0.236,109.9
2I5ao7JannZZMlweLTz0hO,13,0.000171,0.494,0.885,0.0,0.114,-5.725,0.0326,0.471,75.992
0UHB9METy4VCXNgkcGqHqS,39,0.264,0.62,0.826,0.0,0.0637,-4.76,0.0492,0.835,95.006
43PuMrRfbyyuz4QpZ3oAwN,75,0.108,0.53,0.433,0.0,0.135,-10.598,0.185,0.274,160.14
5CG9Ps5ynNjpKJHmwc95pa,66,0.000598,0.573,0.635,0.0,0.0845,-6.621,0.0275,0.447,144.031
0B3LaidsxjnBTUlKgKQQe5,11,0.321,0.667,0.492,0.0,0.0744,-8.612,0.03,0.796,95.976
7gHs73wELdeycvS48JfIos,21,0.0291,0.589,0.651,3.2e-06,0.111,-5.097,0.0306,0.166,90.011
1LM5zQv5pBKPyO7rm7Uz6U,51,0.243,0.517,0.743,3.36e-06,0.107,-4.336,0.0363,0.664,76.979
7I5fYc4qKJddht8Ozhqqdx,51,0.305,0.687,0.793,3.23e-06,0.1,-3.577,0.0333,0.673,100.991
2MNapHbu7QASoukvVVIxyr,44,0.0266,0.394,0.8,0.0,0.184,-4.17,0.0413,0.525,162.053
6g0Orsxv6glTJCt4cHsRsQ,91,0.00532,0.896,0.621,0.0,0.196,-6.857,0.237,0.818,121.966
3cjF2OFRmip8spwZYQRKxP,48,0.0319,0.589,0.673,5.68e-06,0.108,-7.082,0.167,0.209,193.783
2NELtMgQ8HSdrGrYQPLnC3,93,0.000953,0.59,0.808,1.53e-06,0.0918,-6.728,0.0408,0.601,106.029
5htB2gxndGHrLb09x1Q3Vp,16,0.0264,0.604,0.571,0.0,0.302,-5.732,0.241,0.23,62.912
0nhBKubnVz9yFNNprBniWz,78,0.0625,0.628,0.737,0.0,0.0777,-4.437,0.041,0.592,91.507
2SIN7qUVEY1vCuuxp76VQ9,74,0.000505,0.909,0.448,7.83e-06,0.0558,-9.021,0.147,0.878,130.094
5YHR8wBR5jXfGtP766NiAT,34,0.0487,0.503,0.843,0.0,0.344,-4.991,0.316,0.778,128.63
1C7KSXR2GVxknex6I4ANco,56,0.000855,0.7,0.721,0.00112,0.257,-7.296,0.0447,0.0378,100.003
37R0bQOQj5a7DOqh1TGzvB,89,0.403,0.667,0.613,0.0,0.115,-5.353,0.0344,0.47,91.024
03L2AoiRbWhvt7BDMx1jUB,57,0.352,0.44,0.421,1.33e-05,0.136,-11.399,0.154,0.116,87.629
4BhGTc3Cgay2U1QcTS7vQe,26,0.0829,0.711,0.254,0.0,0.0865,-14.404,0.0863,0.253,79.904
4cRBqWBjuccCowYVHFlXK6,40,0.618,0.635,0.319,1.69e-06,0.117,-8.727,0.118,0.327,118.844
3zkWCteF82vJwv0hRLba76,97,0.0152,0.746,0.754,0.0,0.0486,-6.681,0.067,0.764,149.882
3pXF1nA74528Edde4of9CC,88,0.222,0.765,0.356,0.0,0.0963,-5.556,0.196,0.19,97.001
4PA16FAl8LPmFmOhARawdV,47,0.0819,0.613,0.738,0.0,0.32,-6.926,0.311,0.341,82.833
7sBwAWyXfiIgrYQ8BaJESH,33,0.137,0.4,0.574,0.0,0.381,-7.593,0.0494,0.199,128.584
2hgzdQdnfWwtdpZbhZlV72,25,0.0472,0.757,0.678,9.14e-06,0.0654,-5.529,0.233,0.82,120.075
6KCUliK0a3lHcMiGaqNdHR,49,0.288,0.609,0.807,0.0,0.18,-5.603,0.0373,0.534,89.967
6IFPfV8PNSYOmufzQ95hmm,48,0.101,0.556,0.873,0.000131,0.176,-5.056,0.0348,0.48,104.986
2bocAPQcUTLUXx8lAOTiK3,59,0.0545,0.891,0.692,0.0,0.608,-4.989,0.0673,0.218,100.023
7oAuqs6akGnPU3Tb00ZmyM,63,0.392,0.574,0.573,2.16e-05,0.0933,-7.079,0.085,0.626,136.304
71OvX5NNLrmz7rpq1ANTQn,60,0.273,0.643,0.503,0.0,0.349,-8.37,0.216,0.598,90.886
7rLDARtJALM7QdiJDMXW7m,64,0.632,0.25,0.215,0.0717,0.401,-13.676,0.037,0.0746,174.824
2FNPJWVdGxYhWaotd6rULS,58,0.866,0.33,0.357,1.76e-05,0.19,-10.171,0.0348,0.101,84.119
2RQAG0wQt35UzAPEyVJFWN,54,0.0209,0.455,0.535,0.64,0.126,-10.602,0.0426,0.216,157.01
2ZRJRe82aZaVhOKKlbJr4v,95,0.00354,0.594,0.46,2.71e-05,0.147,-7.607,0.382,0.0541,146.274
54X78diSLoUDI3joC2bjMz,99,0.0353,0.367,0.452,0.00228,0.689,-10.422,0.0307,0.189,113.066
51H2y6YrNNXcy3dfc3qSbA,100,0.0102,0.729,0.989,4.45e-05,0.443,-4.613,0.049,0.84,126.47
4iozhXt27eMl39W5z7R8H6,95,0.281,0.748,0.746,3.31e-05,0.632,-9.721,0.111,0.709,123.144
62LJFaYihsdVrrkgUOJC05,100,0.0135,0.898,0.271,0.00138,0.0461,-12.238,0.091,0.742,111.485
0QeI79sp1vS8L3JgpEO7mD,100,0.0192,0.309,0.93,0.0022,0.106,-6.399,0.125,0.376,195.815
2H7PHVdQ3mXqEHXcvclTB0,89,0.137,0.866,0.73,0.0,0.0843,-8.201,0.0767,0.625,118.523
5jSz894ljfWE0IcHBSM39i,99,0.21,0.761,0.67,0.000426,0.0685,-12.759,0.0438,0.91,120.752
6fBwVe6udYdnRqwqo06if8,93,0.0862,0.731,0.75,0.000388,0.202,-10.457,0.0321,0.639,135.406
0OfzPUxPzxpI6ndQOTXbdg,89,0.00125,0.663,0.392,0.876,0.158,-11.333,0.0466,0.441,142.004
6dlpABcXrQKRU9G00i6Zba,81,0.0424,0.647,0.646,0.0,0.0888,-5.483,0.243,0.721,92.981
63thx7OANplv4I4BQsanHk,70,0.0592,0.489,0.641,0.0,0.0857,-4.455,0.0282,0.303,136.095
61uyGDPJ06MkxJtHgPmuyO,48,0.147,0.617,0.8,0.0,0.0852,-5.024,0.0654,0.42,94.985
7uJH0YdSZL6psjxI6Xy08b,41,0.484,0.372,0.477,0.0,0.0844,-9.838,0.0497,0.254,101.097
2l1fWY1albInvAG9t8WP2p,37,0.0236,0.543,0.589,2.99e-05,0.0798,-9.496,0.0421,0.255,129.813
3CJvmtWw2bJsudbAC5uCQk,94,0.0147,0.811,0.499,2.44e-06,0.342,-7.161,0.118,0.466,111.016
4sPmO7WMQUAf45kwMOtONw,100,0.336,0.481,0.451,0.0,0.0872,-6.095,0.0347,0.289,157.966
7fBv7CLKzipRk6EC6TWHOB,100,0.0671,0.58,0.565,0.0,0.135,-7.065,0.0488,0.138,112.986
0qAIiGFKLdV1xpNlEhjpq8,55,0.00525,0.637,0.885,0.000384,0.0658,-5.81,0.0776,0.611,121.952
1jNNHFZmRGXZFHlil5uhei,66,0.414,0.443,0.831,0.0,0.204,-5.606,0.0616,0.588,182.064
4AumKAnMygP1baZGTZrRdp,30,0.0639,0.612,0.865,0.0,0.0801,-4.277,0.0424,0.643,121.972
7KLB6Jptw9wyQXkSLiO8qh,23,0.378,0.448,0.782,0.0,0.114,-6.766,0.458,0.694,74.037
1Wsbr1d2BouNGk2q92mIj7,47,0.577,0.67,0.724,0.0,0.789,-4.141,0.361,0.285,145.105
7s49Um7G06hq2rulrHPsIy,36,0.112,0.893,0.646,0.0,0.104,-5.073,0.1,0.468,132.97
6uTb5oNK9RkTjxmh73W7MG,80,0.406,0.585,0.413,0.0,0.119,-9.319,0.0402,0.377,165.957
4WRRCuJYRq7gUKiupxVH9W,33,0.0143,0.534,0.666,0.0615,0.113,-9.471,0.0335,0.59,87.401
3nAq2hCr1oWsIU54tS98pL,30,0.0363,0.386,0.587,3.71e-06,0.332,-4.454,0.0519,0.0565,96.072
1eQBEelI2NCy7AUTerX0KS,34,0.637,0.596,0.393,0.0,0.539,-8.714,0.383,0.36,107.425
6od5hFv9IT5JHc7NEF9HRv,12,0.00205,0.57,0.865,0.0,0.404,-4.518,0.0472,0.691,110.01
0wwPcA6wtMf6HUMpIRdeP7,99,0.00302,0.903,0.621,0.000186,0.0504,-8.132,0.0578,0.553,134.969
7IWkJwX9C0J7tHurTD7ViL,87,0.348,0.381,0.594,0.0,0.0925,-5.97,0.0486,0.273,143.86
33JcUj9qQDayKswunZP9ar,56,0.0358,0.959,0.598,0.0,0.358,-5.534,0.0713,0.408,127.029
30Zcjs7pgEkmJA1lEbGSWT,17,0.313,0.667,0.423,0.0,0.193,-7.146,0.0822,0.156,125.116
3fqwjXwUGN6vbzIwvyFMhx,81,0.205,0.392,0.37,0.0096,0.0821,-10.888,0.0298,0.512,48.718
66Q3fAmSX5eHamgbKa9alP,9,0.268,0.445,0.746,0.00033,0.138,-6.281,0.456,0.121,170.612
0vcfOQOvTCv8ckiRs8Xc1Z,49,0.0424,0.61,0.857,2e-06,0.128,-5.267,0.0877,0.373,125.838
05BgC2247XGi8ySwBzOO0o,59,0.606,0.54,0.766,0.0,0.0903,-4.478,0.05,0.435,139.999
49fT6owWuknekShh9utsjv,2,0.593,0.837,0.562,0.0,0.104,-6.038,0.492,0.149,100.17
4B0JvthVoAAuygILe3n4Bs,100,0.61,0.837,0.571,0.000898,0.0849,-8.273,0.0922,0.801,125.034
2Gyc6e2cLxA5hoX1NOvYnU,78,0.0862,0.546,0.529,6.5e-06,0.124,-10.511,0.0583,0.247,107.331
6eT7xZZlB2mwyzJ2sUKG6w,87,0.233,0.675,0.562,0.0,0.0816,-7.678,0.0352,0.309,130.098
1zWMf9bVyhY5W3ZORbjNWt,46,0.0247,0.565,0.832,0.0,0.26,-5.732,0.114,0.233,112.827
3kSXn1osC89W8JcPLozTzs,64,0.146,0.506,0.897,0.000451,0.0868,-4.632,0.26,0.525,188.03
0tISnxqgVmxqhVghsTi2Rr,14,0.00218,0.926,0.517,0.0,0.091,-6.794,0.184,0.284,132.07
4cg1yakyRSIOjxKM2I7J1q,8,0.0325,0.769,0.632,0.0,0.116,-4.228,0.0537,0.294,131.932
6Wytqpe4mfmyeT8s1xbczG,58,0.0398,0.658,0.814,0.0,0.114,-6.157,0.0493,0.316,109.004
5ViT05yjdBQgPOwckL762B,47,0.0403,0.741,0.714,1.58e-05,0.127,-4.739,0.0476,0.799,118.036
6f5TuB9WtbA1g49A4DcMQ4,58,0.169,0.813,0.456,2.85e-06,0.105,-7.667,0.0685,0.587,108.801
6QzJcnl5cvlDHVrx9mhE99,78,0.225,0.885,0.801,1.65e-06,0.0733,-4.716,0.0882,0.466,95.011
664gdARxaClFsoF5SXKOws,96,0.0785,0.376,0.821,0.0,0.0823,-3.974,0.104,0.331,120.462
6ZANrVuAMp2rpjhfbOuJly,96,0.0223,0.672,0.593,0.0,0.214,-4.01,0.0304,0.438,98.02
70eDxAyAraNTiD6lx2ZEnH,91,0.0183,0.612,0.921,0.0,0.0576,-2.879,0.0848,0.453,139.986
25KybV9BOUlvcnv7nN3Pyo,89,0.0796,0.505,0.68,0.0,0.0465,-4.99,0.0713,0.539,168.021
69uxyAqqPIsUyTO8txoP2M,88,0.00205,0.638,0.924,0.000173,0.149,-3.887,0.0359,0.529,111.995
6naYpFIKihKbGg6lGxpveI,52,0.0352,0.488,0.833,0.0172,0.34,-6.571,0.0437,0.751,174.006
16bHRxM89ue0TiCKARYbRp,34,0.0477,0.664,0.608,0.0,0.225,-6.093,0.214,0.262,97.933
22VdIZQfgXJea34mQxlt81,100,0.112,0.705,0.769,0.0,0.105,-5.526,0.0426,0.59,107.939
7JnorPtXApoUw2AuJUGLY1,41,0.097,0.646,0.882,0.0,0.311,-3.77,0.0371,0.544,101.997
6dg9Tceo2JpMgAKiNyLpKK,47,0.379,0.618,0.764,0.000211,0.108,-7.086,0.0299,0.447,87.012
22DKsoYFV5npPXmnPpXL7i,37,0.842,0.901,0.509,0.0,0.0531,-6.777,0.492,0.544,129.924
1dl3vuXJS9anUXE7XnNP75,49,0.0462,0.75,0.683,1.32e-06,0.297,-4.829,0.12,0.539,111.066
1wHZx0LgzFHyeIZkUydNXq,85,0.00767,0.713,0.526,0.000148,0.124,-5.046,0.032,0.131,131.05
6dtWKqqdveI3YvdYJQKWWn,42,0.815,0.611,0.319,0.0151,0.108,-10.743,0.0357,0.176,124.92
3NLnwwAQbbFKcEcV8hDItk,91,0.0598,0.647,0.823,0.0,0.119,-5.231,0.0762,0.396,99.933
0bCCGLHflR08UVA6oJJc8I,6,0.501,0.407,0.558,0.0,0.093,-4.753,0.0347,0.143,113.666
5r5cp9IpziiIsR6b93vcnQ,36,0.257,0.871,0.701,7.52e-06,0.0589,-5.594,0.0458,0.716,126.975
0HMjXBAZmSYOTTi33WpMso,36,0.0352,0.655,0.699,0.0,0.064,-4.421,0.0493,0.802,86.704
3fVnlF4pGqWI9flVENcT28,96,0.0704,0.559,0.689,0.00304,0.102,-7.344,0.0811,0.468,140.035
6FWrlXo99QRmPtOeUSWDjv,43,0.231,0.638,0.733,0.0,0.103,-4.7,0.052,0.651,87.999
0qUnBLZ8bJqUNEeQgayL9t,83,0.000975,0.553,0.835,8.57e-06,0.337,-6.918,0.04,0.339,92.0
160hN2OsDXnmgExwtG7cvD,33,0.0187,0.61,0.664,0.0049,0.473,-6.838,0.0372,0.426,126.085
20n5AhSbetBMt6Xbrm4fa7,14,0.0568,0.841,0.611,0.0,0.47,-3.943,0.175,0.391,137.048
21jkhW2773dELgTMRJcMfI,45,0.0164,0.586,0.927,7.24e-06,0.153,-3.014,0.0547,0.549,111.977
7aftSOGSOpSoIlVAQVBb71,72,0.0749,0.579,0.776,0.0,0.239,-5.365,0.173,0.434,136.044
5a7NdkF09AfD0H607eiOkX,88,0.258,0.702,0.705,5.93e-06,0.0879,-6.666,0.0543,0.743,154.911
0Mn3amMRMoabaoTf1Publ4,80,0.00182,0.606,0.763,0.000159,0.116,-6.197,0.0669,0.309,130.018
23EkfwUdsRIz7jAZIcC8gb,55,0.0377,0.557,0.886,0.108,0.163,-5.356,0.0302,0.545,96.989
1wMALZpuqAy7amQsFBWQ8m,24,0.882,0.587,0.283,0.0,0.149,-5.473,0.0279,0.343,141.961
3gHc5XTAywdFQUsHS6DD7G,39,0.0349,0.797,0.896,0.0,0.635,-3.678,0.0512,0.685,120.037
3znPiywA0q1VK2jgAZFDoI,53,0.0675,0.487,0.923,0.0,0.254,-3.054,0.114,0.432,165.044
0z9hbAY5d0RhmvZr3DWMPK,56,0.308,0.883,0.85,0.0,0.368,-4.053,0.361,0.711,150.138
3mg29Lwvo673TkDhE3kB9W,33,0.0799,0.868,0.679,1.22e-06,0.0504,-6.941,0.0397,0.75,97.012
1mExCoXAGKI6abLGXoG7O3,18,0.0232,0.65,0.745,0.0,0.0754,-3.795,0.0333,0.167,88.032
6EdSZmWCQJfO8T66x9VCID,7,0.0138,0.509,0.891,0.0,0.063,-4.89,0.0757,0.631,128.108
62vpWI1CHwFy7tMIcSStl8,65,0.302,0.696,0.521,0.0,0.0565,-8.465,0.332,0.458,100.0
3ESSGgWzRf1xvP7G5hHMhB,68,0.0062,0.748,0.733,0.0,0.329,-4.421,0.072,0.291,93.019
4yL5WpJZmoxAV4udhE55VY,7,0.0389,0.387,0.861,0.00047,0.1,-5.529,0.0413,0.482,177.94
25R5Tdr4K7ENb6umHzdCXn,45,0.254,0.508,0.762,0.000122,0.108,-4.217,0.0489,0.444,99.963
6VZCuvHwk3xmjwgKga0bNi,45,0.26,0.625,0.569,0.0,0.127,-5.954,0.0271,0.361,149.987
79dlQxvdsCDApoM8XChkpy,17,0.0629,0.385,0.808,0.0,0.33,-6.67,0.045,0.546,129.22
1cdzfFjEbUbgTm5nv3FgXR,94,0.266,0.681,0.879,0.0,0.446,-6.006,0.291,0.818,99.955
1uhaXll708Tq7NDwu7fJBd,47,0.0342,0.454,0.91,0.0,0.895,-5.544,0.21,0.539,174.066
3px2rAPu74ltbkf9eZsZ8h,33,0.00302,0.562,0.904,0.0,0.0433,-4.947,0.0807,0.651,94.481
0SNIAtRCPVVLoGEPcuHSIc,82,0.0427,0.314,0.611,6.28e-05,0.184,-6.691,0.129,0.0604,191.447
6Xs7OKt6i0Ddq8B4M5Dgvr,41,0.0113,0.339,0.707,0.0,0.337,-5.121,0.0428,0.359,173.993
1BECwm5qkaBwlbfo4kpYx8,9,0.0137,0.462,0.538,0.0,0.429,-5.527,0.059,0.405,139.256
3lSR267IJfT54p0Gfuw7mi,43,0.0978,0.901,0.292,0.0,0.0816,-7.74,0.289,0.338,100.54
1Ser4X0TKttOvo8bgdytTP,45,0.184,0.687,0.563,0.0,0.0681,-6.214,0.163,0.112,185.056
27OnRI6jSkxN9EAqZEVHjv,17,0.208,0.73,0.809,0.0013,0.0804,-6.406,0.0876,0.825,101.965
2d8JP84HNLKhmd6IYOoupQ,99,0.0244,0.746,0.873,0.0,0.354,-3.803,0.128,0.817,148.075
3Vn9oCZbdI1EMO7jxdz2Rc,61,0.0466,0.66,0.695,0.145,0.0854,-6.896,0.029,0.506,129.972
6kEyuKmF4kZylB5LcuRd8Y,86,0.742,0.456,0.328,5.39e-06,0.162,-16.131,0.0603,0.332,80.808
0Fao855T3klV3REFRFHRF3,23,0.206,0.366,0.552,0.0595,0.178,-8.35,0.0317,0.114,97.98
07nHpBQ9itIMxguWZOk5Fb,49,0.0183,0.623,0.654,1.73e-06,0.398,-5.408,0.0674,0.193,96.017
57gS5wJqIH6sbtBIIiioNY,47,0.0265,0.667,0.886,0.0,0.0759,-5.12,0.0387,0.948,146.076
1iuljeYz6ZG3GTJOZZkoer,44,0.00116,0.746,0.764,8.19e-06,0.0867,-5.066,0.0423,0.518,137.98
4pdoeoOQSu6DNznlfNc5FP,28,0.29,0.675,0.791,0.0,0.485,-5.64,0.0383,0.943,141.217
46W2wkCzFerbeQbNz3EIaa,58,0.0513,0.453,0.839,0.0,0.348,-3.702,0.0511,0.55,160.16
2zhk0kypGeOPsaaZcjyc14,72,0.887,0.728,0.253,1.11e-05,0.133,-8.427,0.0304,0.457,140.923
2IjyFRCRn8x1bEquOM3vxg,58,0.899,0.484,0.285,0.0,0.121,-10.863,0.0397,0.302,126.749
5u7o3wXWJI7AN1b9KIf3m8,41,0.0212,0.686,0.342,0.0,0.111,-8.555,0.0447,0.429,104.995
20fAoPjfYltmd3K3bO7gbt,10,0.0265,0.729,0.672,0.0,0.244,-6.749,0.282,0.595,159.903
3wrP2GVxWH8VpHPOsKhYgz,21,0.0517,0.731,0.818,0.0,0.0743,-4.564,0.0638,0.812,120.993
0GhuwiwcAuw3zU5QHCmBiP,20,0.799,0.24,0.437,0.0764,0.0885,-7.44,0.0324,0.0747,89.538
4lvQiZUhHgG8Oldd8S97hd,10,0.0195,0.632,0.516,0.0,0.139,-8.088,0.035,0.328,133.71
5ByIHT8s38diBQf6dkEWbt,100,0.214,0.864,0.738,0.0,0.179,-4.323,0.0309,0.938,100.0
2K87XMYnUMqLcX3zvtAF4G,98,0.109,0.73,0.703,0.0,0.0657,-5.672,0.0369,0.595,138.113
5lFDtgWsjRJu8fPOAyJIAK,80,0.00898,0.635,0.472,0.0,0.117,-3.869,0.511,0.373,174.008
4W38RXuQNuoTSwVsQA1OGC,50,0.151,0.589,0.704,0.0,0.067,-4.772,0.0303,0.437,84.956
5XFu5S1vBY7sNHlheCapOz,71,0.392,0.629,0.878,0.0,0.0899,-3.535,0.0443,0.714,137.989
0fYVliAYKHuPmECRs1pbRf,84,0.0144,0.526,0.862,0.0597,0.229,-6.003,0.0905,0.528,90.052
2SnNaoNhMjC1WRMTWD8qTX,59,0.898,0.416,0.258,2.06e-06,0.147,-8.489,0.0333,0.532,116.599
3jSyE8r8vgg8fmwojoMzql,10,0.0504,0.59,0.887,0.0,0.132,-2.634,0.0353,0.679,120.061
422lAAWQO9TqL1LxIPdhOn,7,0.0036,0.607,0.783,0.0,0.216,-6.891,0.139,0.182,87.026
0H04yVa3DJxoXbLBpAb7iV,68,0.0282,0.575,0.845,0.0,0.0814,-3.838,0.035,0.376,127.997
